	source	target	weight	source_freq	target_freq	first_sample	second_sample	edge_sample	fscolor	sscolor	edcolor	spect_cluster	commun_cluster	spect_color	comm_color
0	Actinomyces	Actinobaculum	5.0	8	8	Supragingival_plaque	Supragingival_plaque	Supragingival_plaque	#ff964f	#ff964f	#ff964f	15.0	1.0	#ff9d53	#5c38fd
1	Actinobaculum	Actinomyces	5.0	8	8	Supragingival_plaque	Supragingival_plaque	Supragingival_plaque	#ff964f	#ff964f	#ff964f	15.0	1.0	#ff9d53	#5c38fd
2	Aggregatibacter	Abiotrophia	6.0	8	8	Mixed	Buccal_mucosa	Intertype	#cccccc	#1996f3	#cccccc	9.0	0.0	#70febc	#8000ff
3	Abiotrophia	Aggregatibacter	6.0	8	8	Buccal_mucosa	Mixed	Intertype	#1996f3	#cccccc	#cccccc	1.0	0.0	#6629fe	#8000ff
4	Alistipes	Akkermansia	1.0	4	1	Stool	Stool	Stool	#b2f396	#b2f396	#b2f396	12.0	3.0	#c2ea8c	#149df1
5	Akkermansia	Alistipes	1.0	1	4	Stool	Stool	Stool	#b2f396	#b2f396	#b2f396	12.0	3.0	#c2ea8c	#149df1
6	Avibacterium	Alloprevotella	2.0	2	8	Buccal_mucosa	Attached	Intertype	#1996f3	#4e4dfc	#cccccc	5.0	5.0	#07bbea	#37e6d8
7	Alloprevotella	Avibacterium	2.0	8	2	Attached	Buccal_mucosa	Intertype	#4e4dfc	#1996f3	#cccccc	5.0	5.0	#07bbea	#37e6d8
8	Bacillus	Avibacterium	2.0	4	2	Anterior_nares	Buccal_mucosa	Intertype	#8000ff	#1996f3	#cccccc	16.0	5.0	#ff7b40	#37e6d8
9	Avibacterium	Bacillus	2.0	2	4	Buccal_mucosa	Anterior_nares	Intertype	#1996f3	#8000ff	#cccccc	5.0	5.0	#07bbea	#37e6d8
10	Basfia	Alloprevotella	2.0	2	8	Buccal_mucosa	Attached	Intertype	#1996f3	#4e4dfc	#cccccc	5.0	5.0	#07bbea	#37e6d8
11	Alloprevotella	Basfia	2.0	8	2	Attached	Buccal_mucosa	Intertype	#4e4dfc	#1996f3	#cccccc	5.0	5.0	#07bbea	#37e6d8
12	Basfia	Bacillus	2.0	2	4	Buccal_mucosa	Anterior_nares	Intertype	#1996f3	#8000ff	#cccccc	5.0	5.0	#07bbea	#37e6d8
13	Bacillus	Basfia	2.0	4	2	Anterior_nares	Buccal_mucosa	Intertype	#8000ff	#1996f3	#cccccc	16.0	5.0	#ff7b40	#37e6d8
14	Brochothrix	Alicycliphilus	1.0	1	1	Saliva	Buccal_mucosa	Intertype	#7effb5	#1996f3	#cccccc	4.0	4.0	#169bf2	#10c6e6
15	Alicycliphilus	Brochothrix	1.0	1	1	Buccal_mucosa	Saliva	Intertype	#1996f3	#7effb5	#cccccc	4.0	4.0	#169bf2	#10c6e6
16	Bulleidia	Alicycliphilus	1.0	1	1	Throat	Buccal_mucosa	Intertype	#ff5029	#1996f3	#cccccc	4.0	4.0	#169bf2	#10c6e6
17	Alicycliphilus	Bulleidia	1.0	1	1	Buccal_mucosa	Throat	Intertype	#1996f3	#ff5029	#cccccc	4.0	4.0	#169bf2	#10c6e6
18	Bulleidia	Brochothrix	1.0	1	1	Throat	Saliva	Intertype	#ff5029	#7effb5	#cccccc	4.0	4.0	#169bf2	#10c6e6
19	Brochothrix	Bulleidia	1.0	1	1	Saliva	Throat	Intertype	#7effb5	#ff5029	#cccccc	4.0	4.0	#169bf2	#10c6e6
20	Butyrivibrio	Akkermansia	1.0	1	1	Stool	Stool	Stool	#b2f396	#b2f396	#b2f396	12.0	3.0	#c2ea8c	#149df1
21	Akkermansia	Butyrivibrio	1.0	1	1	Stool	Stool	Stool	#b2f396	#b2f396	#b2f396	12.0	3.0	#c2ea8c	#149df1
22	Butyrivibrio	Alistipes	1.0	1	4	Stool	Stool	Stool	#b2f396	#b2f396	#b2f396	12.0	3.0	#c2ea8c	#149df1
23	Alistipes	Butyrivibrio	1.0	4	1	Stool	Stool	Stool	#b2f396	#b2f396	#b2f396	12.0	3.0	#c2ea8c	#149df1
24	Campylobacter	Aggregatibacter	6.0	8	8	Saliva	Mixed	Intertype	#7effb5	#cccccc	#cccccc	9.0	0.0	#70febc	#8000ff
25	Aggregatibacter	Campylobacter	6.0	8	8	Mixed	Saliva	Intertype	#cccccc	#7effb5	#cccccc	9.0	0.0	#70febc	#8000ff
26	Centipeda	Alicycliphilus	1.0	1	1	Subgingival_plaque	Buccal_mucosa	Intertype	#e4cf74	#1996f3	#cccccc	4.0	4.0	#169bf2	#10c6e6
27	Alicycliphilus	Centipeda	1.0	1	1	Buccal_mucosa	Subgingival_plaque	Intertype	#1996f3	#e4cf74	#cccccc	4.0	4.0	#169bf2	#10c6e6
28	Centipeda	Brochothrix	1.0	1	1	Subgingival_plaque	Saliva	Intertype	#e4cf74	#7effb5	#cccccc	4.0	4.0	#169bf2	#10c6e6
29	Brochothrix	Centipeda	1.0	1	1	Saliva	Subgingival_plaque	Intertype	#7effb5	#e4cf74	#cccccc	4.0	4.0	#169bf2	#10c6e6
30	Centipeda	Bulleidia	1.0	1	1	Subgingival_plaque	Throat	Intertype	#e4cf74	#ff5029	#cccccc	4.0	4.0	#169bf2	#10c6e6
31	Bulleidia	Centipeda	1.0	1	1	Throat	Subgingival_plaque	Intertype	#ff5029	#e4cf74	#cccccc	4.0	4.0	#169bf2	#10c6e6
32	Chlamydia	Avibacterium	2.0	3	2	Attached	Buccal_mucosa	Intertype	#4e4dfc	#1996f3	#cccccc	5.0	5.0	#07bbea	#37e6d8
33	Avibacterium	Chlamydia	2.0	2	3	Buccal_mucosa	Attached	Intertype	#1996f3	#4e4dfc	#cccccc	5.0	5.0	#07bbea	#37e6d8
34	Chlamydia	Basfia	2.0	3	2	Attached	Buccal_mucosa	Intertype	#4e4dfc	#1996f3	#cccccc	5.0	5.0	#07bbea	#37e6d8
35	Basfia	Chlamydia	2.0	2	3	Buccal_mucosa	Attached	Intertype	#1996f3	#4e4dfc	#cccccc	5.0	5.0	#07bbea	#37e6d8
36	Chryseobacterium	Avibacterium	2.0	4	2	Attached	Buccal_mucosa	Intertype	#4e4dfc	#1996f3	#cccccc	5.0	5.0	#07bbea	#37e6d8
37	Avibacterium	Chryseobacterium	2.0	2	4	Buccal_mucosa	Attached	Intertype	#1996f3	#4e4dfc	#cccccc	5.0	5.0	#07bbea	#37e6d8
38	Chryseobacterium	Basfia	2.0	4	2	Attached	Buccal_mucosa	Intertype	#4e4dfc	#1996f3	#cccccc	5.0	5.0	#07bbea	#37e6d8
39	Basfia	Chryseobacterium	2.0	2	4	Buccal_mucosa	Attached	Intertype	#1996f3	#4e4dfc	#cccccc	5.0	5.0	#07bbea	#37e6d8
40	Clostridium	Bifidobacterium	2.0	3	2	Stool	Stool	Stool	#b2f396	#b2f396	#b2f396	8.0	7.0	#56f7ca	#7effb5
41	Bifidobacterium	Clostridium	2.0	2	3	Stool	Stool	Stool	#b2f396	#b2f396	#b2f396	8.0	7.0	#56f7ca	#7effb5
42	Comamonas	Alicycliphilus	1.0	1	1	Mid_vagina	Buccal_mucosa	Intertype	#18cde4	#1996f3	#cccccc	4.0	4.0	#169bf2	#10c6e6
43	Alicycliphilus	Comamonas	1.0	1	1	Buccal_mucosa	Mid_vagina	Intertype	#1996f3	#18cde4	#cccccc	4.0	4.0	#169bf2	#10c6e6
44	Comamonas	Brochothrix	1.0	1	1	Mid_vagina	Saliva	Intertype	#18cde4	#7effb5	#cccccc	4.0	4.0	#169bf2	#10c6e6
45	Brochothrix	Comamonas	1.0	1	1	Saliva	Mid_vagina	Intertype	#7effb5	#18cde4	#cccccc	4.0	4.0	#169bf2	#10c6e6
46	Comamonas	Bulleidia	1.0	1	1	Mid_vagina	Throat	Intertype	#18cde4	#ff5029	#cccccc	4.0	4.0	#169bf2	#10c6e6
47	Bulleidia	Comamonas	1.0	1	1	Throat	Mid_vagina	Intertype	#ff5029	#18cde4	#cccccc	4.0	4.0	#169bf2	#10c6e6
48	Comamonas	Centipeda	1.0	1	1	Mid_vagina	Subgingival_plaque	Intertype	#18cde4	#e4cf74	#cccccc	4.0	4.0	#169bf2	#10c6e6
49	Centipeda	Comamonas	1.0	1	1	Subgingival_plaque	Mid_vagina	Intertype	#e4cf74	#18cde4	#cccccc	4.0	4.0	#169bf2	#10c6e6
50	Conchiformibius	Anaeroglobus	1.0	1	1	Throat	Saliva	Intertype	#ff5029	#7effb5	#cccccc	6.0	6.0	#20d5e1	#5af8c8
51	Anaeroglobus	Conchiformibius	1.0	1	1	Saliva	Throat	Intertype	#7effb5	#ff5029	#cccccc	6.0	6.0	#20d5e1	#5af8c8
52	Coprococcus	Akkermansia	1.0	1	1	Stool	Stool	Stool	#b2f396	#b2f396	#b2f396	12.0	3.0	#c2ea8c	#149df1
53	Akkermansia	Coprococcus	1.0	1	1	Stool	Stool	Stool	#b2f396	#b2f396	#b2f396	12.0	3.0	#c2ea8c	#149df1
54	Coprococcus	Alistipes	1.0	1	4	Stool	Stool	Stool	#b2f396	#b2f396	#b2f396	12.0	3.0	#c2ea8c	#149df1
55	Alistipes	Coprococcus	1.0	4	1	Stool	Stool	Stool	#b2f396	#b2f396	#b2f396	12.0	3.0	#c2ea8c	#149df1
56	Coprococcus	Butyrivibrio	1.0	1	1	Stool	Stool	Stool	#b2f396	#b2f396	#b2f396	12.0	3.0	#c2ea8c	#149df1
57	Butyrivibrio	Coprococcus	1.0	1	1	Stool	Stool	Stool	#b2f396	#b2f396	#b2f396	12.0	3.0	#c2ea8c	#149df1
58	Cryptobacterium	Akkermansia	1.0	1	1	Supragingival_plaque	Stool	Intertype	#ff964f	#b2f396	#cccccc	12.0	3.0	#c2ea8c	#149df1
59	Akkermansia	Cryptobacterium	1.0	1	1	Stool	Supragingival_plaque	Intertype	#b2f396	#ff964f	#cccccc	12.0	3.0	#c2ea8c	#149df1
60	Cryptobacterium	Alistipes	1.0	1	4	Supragingival_plaque	Stool	Intertype	#ff964f	#b2f396	#cccccc	12.0	3.0	#c2ea8c	#149df1
61	Alistipes	Cryptobacterium	1.0	4	1	Stool	Supragingival_plaque	Intertype	#b2f396	#ff964f	#cccccc	12.0	3.0	#c2ea8c	#149df1
62	Cryptobacterium	Butyrivibrio	1.0	1	1	Supragingival_plaque	Stool	Intertype	#ff964f	#b2f396	#cccccc	12.0	3.0	#c2ea8c	#149df1
63	Butyrivibrio	Cryptobacterium	1.0	1	1	Stool	Supragingival_plaque	Intertype	#b2f396	#ff964f	#cccccc	12.0	3.0	#c2ea8c	#149df1
64	Cryptobacterium	Coprococcus	1.0	1	1	Supragingival_plaque	Stool	Intertype	#ff964f	#b2f396	#cccccc	12.0	3.0	#c2ea8c	#149df1
65	Coprococcus	Cryptobacterium	1.0	1	1	Stool	Supragingival_plaque	Intertype	#b2f396	#ff964f	#cccccc	12.0	3.0	#c2ea8c	#149df1
66	Dechloromonas	Corynebacterium	2.0	2	8	Buccal_mucosa	Supragingival_plaque	Intertype	#1996f3	#ff964f	#cccccc	13.0	9.0	#dcd67a	#c6e789
67	Corynebacterium	Dechloromonas	2.0	8	2	Supragingival_plaque	Buccal_mucosa	Intertype	#ff964f	#1996f3	#cccccc	16.0	9.0	#ff7b40	#c6e789
68	Dehalobacter	Alloprevotella	2.0	2	8	Buccal_mucosa	Attached	Intertype	#1996f3	#4e4dfc	#cccccc	5.0	5.0	#07bbea	#37e6d8
69	Alloprevotella	Dehalobacter	2.0	8	2	Attached	Buccal_mucosa	Intertype	#4e4dfc	#1996f3	#cccccc	5.0	5.0	#07bbea	#37e6d8
70	Dehalobacter	Bacillus	2.0	2	4	Buccal_mucosa	Anterior_nares	Intertype	#1996f3	#8000ff	#cccccc	5.0	5.0	#07bbea	#37e6d8
71	Bacillus	Dehalobacter	2.0	4	2	Anterior_nares	Buccal_mucosa	Intertype	#8000ff	#1996f3	#cccccc	16.0	5.0	#ff7b40	#37e6d8
72	Dehalobacter	Chlamydia	2.0	2	3	Buccal_mucosa	Attached	Intertype	#1996f3	#4e4dfc	#cccccc	5.0	5.0	#07bbea	#37e6d8
73	Chlamydia	Dehalobacter	2.0	3	2	Attached	Buccal_mucosa	Intertype	#4e4dfc	#1996f3	#cccccc	5.0	5.0	#07bbea	#37e6d8
74	Dehalobacter	Chryseobacterium	2.0	2	4	Buccal_mucosa	Attached	Intertype	#1996f3	#4e4dfc	#cccccc	5.0	5.0	#07bbea	#37e6d8
75	Chryseobacterium	Dehalobacter	2.0	4	2	Attached	Buccal_mucosa	Intertype	#4e4dfc	#1996f3	#cccccc	5.0	5.0	#07bbea	#37e6d8
76	Dialister	Actinomyces	4.0	7	8	Stool	Supragingival_plaque	Intertype	#b2f396	#ff964f	#cccccc	15.0	1.0	#ff9d53	#5c38fd
77	Actinomyces	Dialister	4.0	8	7	Supragingival_plaque	Stool	Intertype	#ff964f	#b2f396	#cccccc	15.0	1.0	#ff9d53	#5c38fd
78	Dorea	Akkermansia	1.0	1	1	Stool	Stool	Stool	#b2f396	#b2f396	#b2f396	12.0	3.0	#c2ea8c	#149df1
79	Akkermansia	Dorea	1.0	1	1	Stool	Stool	Stool	#b2f396	#b2f396	#b2f396	12.0	3.0	#c2ea8c	#149df1
80	Dorea	Alistipes	1.0	1	4	Stool	Stool	Stool	#b2f396	#b2f396	#b2f396	12.0	3.0	#c2ea8c	#149df1
81	Alistipes	Dorea	1.0	4	1	Stool	Stool	Stool	#b2f396	#b2f396	#b2f396	12.0	3.0	#c2ea8c	#149df1
82	Dorea	Butyrivibrio	1.0	1	1	Stool	Stool	Stool	#b2f396	#b2f396	#b2f396	12.0	3.0	#c2ea8c	#149df1
83	Butyrivibrio	Dorea	1.0	1	1	Stool	Stool	Stool	#b2f396	#b2f396	#b2f396	12.0	3.0	#c2ea8c	#149df1
84	Dorea	Coprococcus	1.0	1	1	Stool	Stool	Stool	#b2f396	#b2f396	#b2f396	12.0	3.0	#c2ea8c	#149df1
85	Coprococcus	Dorea	1.0	1	1	Stool	Stool	Stool	#b2f396	#b2f396	#b2f396	12.0	3.0	#c2ea8c	#149df1
86	Dorea	Cryptobacterium	1.0	1	1	Stool	Supragingival_plaque	Intertype	#b2f396	#ff964f	#cccccc	12.0	3.0	#c2ea8c	#149df1
87	Cryptobacterium	Dorea	1.0	1	1	Supragingival_plaque	Stool	Intertype	#ff964f	#b2f396	#cccccc	12.0	3.0	#c2ea8c	#149df1
88	Echinicola	Alloprevotella	2.0	2	8	Buccal_mucosa	Attached	Intertype	#1996f3	#4e4dfc	#cccccc	5.0	5.0	#07bbea	#37e6d8
89	Alloprevotella	Echinicola	2.0	8	2	Attached	Buccal_mucosa	Intertype	#4e4dfc	#1996f3	#cccccc	5.0	5.0	#07bbea	#37e6d8
90	Echinicola	Bacillus	2.0	2	4	Buccal_mucosa	Anterior_nares	Intertype	#1996f3	#8000ff	#cccccc	5.0	5.0	#07bbea	#37e6d8
91	Bacillus	Echinicola	2.0	4	2	Anterior_nares	Buccal_mucosa	Intertype	#8000ff	#1996f3	#cccccc	16.0	5.0	#ff7b40	#37e6d8
92	Echinicola	Chlamydia	2.0	2	3	Buccal_mucosa	Attached	Intertype	#1996f3	#4e4dfc	#cccccc	5.0	5.0	#07bbea	#37e6d8
93	Chlamydia	Echinicola	2.0	3	2	Attached	Buccal_mucosa	Intertype	#4e4dfc	#1996f3	#cccccc	5.0	5.0	#07bbea	#37e6d8
94	Echinicola	Chryseobacterium	2.0	2	4	Buccal_mucosa	Attached	Intertype	#1996f3	#4e4dfc	#cccccc	5.0	5.0	#07bbea	#37e6d8
95	Chryseobacterium	Echinicola	2.0	4	2	Attached	Buccal_mucosa	Intertype	#4e4dfc	#1996f3	#cccccc	5.0	5.0	#07bbea	#37e6d8
96	Eikenella	Capnocytophaga	4.0	6	8	Subgingival_plaque	Supragingival_plaque	Intertype	#e4cf74	#ff964f	#cccccc	2.0	1.0	#4c50fc	#5c38fd
97	Capnocytophaga	Eikenella	4.0	8	6	Supragingival_plaque	Subgingival_plaque	Intertype	#ff964f	#e4cf74	#cccccc	2.0	1.0	#4c50fc	#5c38fd
98	Elizabethkingia	Alicycliphilus	1.0	1	1	Buccal_mucosa	Buccal_mucosa	Buccal_mucosa	#1996f3	#1996f3	#1996f3	4.0	4.0	#169bf2	#10c6e6
99	Alicycliphilus	Elizabethkingia	1.0	1	1	Buccal_mucosa	Buccal_mucosa	Buccal_mucosa	#1996f3	#1996f3	#1996f3	4.0	4.0	#169bf2	#10c6e6
100	Elizabethkingia	Brochothrix	1.0	1	1	Buccal_mucosa	Saliva	Intertype	#1996f3	#7effb5	#cccccc	4.0	4.0	#169bf2	#10c6e6
101	Brochothrix	Elizabethkingia	1.0	1	1	Saliva	Buccal_mucosa	Intertype	#7effb5	#1996f3	#cccccc	4.0	4.0	#169bf2	#10c6e6
102	Elizabethkingia	Bulleidia	1.0	1	1	Buccal_mucosa	Throat	Intertype	#1996f3	#ff5029	#cccccc	4.0	4.0	#169bf2	#10c6e6
103	Bulleidia	Elizabethkingia	1.0	1	1	Throat	Buccal_mucosa	Intertype	#ff5029	#1996f3	#cccccc	4.0	4.0	#169bf2	#10c6e6
104	Elizabethkingia	Centipeda	1.0	1	1	Buccal_mucosa	Subgingival_plaque	Intertype	#1996f3	#e4cf74	#cccccc	4.0	4.0	#169bf2	#10c6e6
105	Centipeda	Elizabethkingia	1.0	1	1	Subgingival_plaque	Buccal_mucosa	Intertype	#e4cf74	#1996f3	#cccccc	4.0	4.0	#169bf2	#10c6e6
106	Elizabethkingia	Comamonas	1.0	1	1	Buccal_mucosa	Mid_vagina	Intertype	#1996f3	#18cde4	#cccccc	4.0	4.0	#169bf2	#10c6e6
107	Comamonas	Elizabethkingia	1.0	1	1	Mid_vagina	Buccal_mucosa	Intertype	#18cde4	#1996f3	#cccccc	4.0	4.0	#169bf2	#10c6e6
108	Enterococcus	Alloprevotella	2.0	2	8	Attached	Attached	Attached	#4e4dfc	#4e4dfc	#4e4dfc	5.0	5.0	#07bbea	#37e6d8
109	Alloprevotella	Enterococcus	2.0	8	2	Attached	Attached	Attached	#4e4dfc	#4e4dfc	#4e4dfc	5.0	5.0	#07bbea	#37e6d8
110	Enterococcus	Bacillus	2.0	2	4	Attached	Anterior_nares	Intertype	#4e4dfc	#8000ff	#cccccc	5.0	5.0	#07bbea	#37e6d8
111	Bacillus	Enterococcus	2.0	4	2	Anterior_nares	Attached	Intertype	#8000ff	#4e4dfc	#cccccc	16.0	5.0	#ff7b40	#37e6d8
112	Enterococcus	Chlamydia	2.0	2	3	Attached	Attached	Attached	#4e4dfc	#4e4dfc	#4e4dfc	5.0	5.0	#07bbea	#37e6d8
113	Chlamydia	Enterococcus	2.0	3	2	Attached	Attached	Attached	#4e4dfc	#4e4dfc	#4e4dfc	5.0	5.0	#07bbea	#37e6d8
114	Enterococcus	Chryseobacterium	2.0	2	4	Attached	Attached	Attached	#4e4dfc	#4e4dfc	#4e4dfc	5.0	5.0	#07bbea	#37e6d8
115	Chryseobacterium	Enterococcus	2.0	4	2	Attached	Attached	Attached	#4e4dfc	#4e4dfc	#4e4dfc	5.0	5.0	#07bbea	#37e6d8
116	Eubacterium	Acidovorax	4.0	6	5	Subgingival_plaque	Anterior_nares	Intertype	#e4cf74	#8000ff	#cccccc	15.0	1.0	#ff9d53	#5c38fd
117	Acidovorax	Eubacterium	4.0	5	6	Anterior_nares	Subgingival_plaque	Intertype	#8000ff	#e4cf74	#cccccc	15.0	1.0	#ff9d53	#5c38fd
118	Eubacterium	Actinomyces	4.0	6	8	Subgingival_plaque	Supragingival_plaque	Intertype	#e4cf74	#ff964f	#cccccc	15.0	1.0	#ff9d53	#5c38fd
119	Actinomyces	Eubacterium	4.0	8	6	Supragingival_plaque	Subgingival_plaque	Intertype	#ff964f	#e4cf74	#cccccc	15.0	1.0	#ff9d53	#5c38fd
120	Granulicatella	Actinobacillus	5.0	8	6	Attached	Buccal_mucosa	Intertype	#4e4dfc	#1996f3	#cccccc	18.0	2.0	#ff2c16	#386df9
121	Actinobacillus	Granulicatella	5.0	6	8	Buccal_mucosa	Attached	Intertype	#1996f3	#4e4dfc	#cccccc	18.0	2.0	#ff2c16	#386df9
122	Haemophilus	Bacillus	4.0	8	4	Buccal_mucosa	Anterior_nares	Intertype	#1996f3	#8000ff	#cccccc	3.0	5.0	#3079f7	#37e6d8
123	Bacillus	Haemophilus	4.0	4	8	Anterior_nares	Buccal_mucosa	Intertype	#8000ff	#1996f3	#cccccc	16.0	5.0	#ff7b40	#37e6d8
124	Intestinimonas	Akkermansia	1.0	1	1	Stool	Stool	Stool	#b2f396	#b2f396	#b2f396	12.0	3.0	#c2ea8c	#149df1
125	Akkermansia	Intestinimonas	1.0	1	1	Stool	Stool	Stool	#b2f396	#b2f396	#b2f396	12.0	3.0	#c2ea8c	#149df1
126	Intestinimonas	Alistipes	1.0	1	4	Stool	Stool	Stool	#b2f396	#b2f396	#b2f396	12.0	3.0	#c2ea8c	#149df1
127	Alistipes	Intestinimonas	1.0	4	1	Stool	Stool	Stool	#b2f396	#b2f396	#b2f396	12.0	3.0	#c2ea8c	#149df1
128	Intestinimonas	Butyrivibrio	1.0	1	1	Stool	Stool	Stool	#b2f396	#b2f396	#b2f396	12.0	3.0	#c2ea8c	#149df1
129	Butyrivibrio	Intestinimonas	1.0	1	1	Stool	Stool	Stool	#b2f396	#b2f396	#b2f396	12.0	3.0	#c2ea8c	#149df1
130	Intestinimonas	Coprococcus	1.0	1	1	Stool	Stool	Stool	#b2f396	#b2f396	#b2f396	12.0	3.0	#c2ea8c	#149df1
131	Coprococcus	Intestinimonas	1.0	1	1	Stool	Stool	Stool	#b2f396	#b2f396	#b2f396	12.0	3.0	#c2ea8c	#149df1
132	Intestinimonas	Cryptobacterium	1.0	1	1	Stool	Supragingival_plaque	Intertype	#b2f396	#ff964f	#cccccc	12.0	3.0	#c2ea8c	#149df1
133	Cryptobacterium	Intestinimonas	1.0	1	1	Supragingival_plaque	Stool	Intertype	#ff964f	#b2f396	#cccccc	12.0	3.0	#c2ea8c	#149df1
134	Intestinimonas	Dorea	1.0	1	1	Stool	Stool	Stool	#b2f396	#b2f396	#b2f396	12.0	3.0	#c2ea8c	#149df1
135	Dorea	Intestinimonas	1.0	1	1	Stool	Stool	Stool	#b2f396	#b2f396	#b2f396	12.0	3.0	#c2ea8c	#149df1
136	Isoptericola	Dechloromonas	2.0	4	2	Tongue_dorsum	Buccal_mucosa	Intertype	#ff0000	#1996f3	#cccccc	13.0	9.0	#dcd67a	#c6e789
137	Dechloromonas	Isoptericola	2.0	2	4	Buccal_mucosa	Tongue_dorsum	Intertype	#1996f3	#ff0000	#cccccc	13.0	9.0	#dcd67a	#c6e789
138	Johnsonella	Avibacterium	2.0	3	2	Subgingival_plaque	Buccal_mucosa	Intertype	#e4cf74	#1996f3	#cccccc	5.0	5.0	#07bbea	#37e6d8
139	Avibacterium	Johnsonella	2.0	2	3	Buccal_mucosa	Subgingival_plaque	Intertype	#1996f3	#e4cf74	#cccccc	5.0	5.0	#07bbea	#37e6d8
140	Johnsonella	Basfia	2.0	3	2	Subgingival_plaque	Buccal_mucosa	Intertype	#e4cf74	#1996f3	#cccccc	5.0	5.0	#07bbea	#37e6d8
141	Basfia	Johnsonella	2.0	2	3	Buccal_mucosa	Subgingival_plaque	Intertype	#1996f3	#e4cf74	#cccccc	5.0	5.0	#07bbea	#37e6d8
142	Johnsonella	Chlamydia	2.0	3	3	Subgingival_plaque	Attached	Intertype	#e4cf74	#4e4dfc	#cccccc	5.0	5.0	#07bbea	#37e6d8
143	Chlamydia	Johnsonella	2.0	3	3	Attached	Subgingival_plaque	Intertype	#4e4dfc	#e4cf74	#cccccc	5.0	5.0	#07bbea	#37e6d8
144	Johnsonella	Chryseobacterium	3.0	3	4	Subgingival_plaque	Attached	Intertype	#e4cf74	#4e4dfc	#cccccc	5.0	5.0	#07bbea	#37e6d8
145	Chryseobacterium	Johnsonella	3.0	4	3	Attached	Subgingival_plaque	Intertype	#4e4dfc	#e4cf74	#cccccc	5.0	5.0	#07bbea	#37e6d8
146	Johnsonella	Dehalobacter	2.0	3	2	Subgingival_plaque	Buccal_mucosa	Intertype	#e4cf74	#1996f3	#cccccc	5.0	5.0	#07bbea	#37e6d8
147	Dehalobacter	Johnsonella	2.0	2	3	Buccal_mucosa	Subgingival_plaque	Intertype	#1996f3	#e4cf74	#cccccc	5.0	5.0	#07bbea	#37e6d8
148	Johnsonella	Echinicola	2.0	3	2	Subgingival_plaque	Buccal_mucosa	Intertype	#e4cf74	#1996f3	#cccccc	5.0	5.0	#07bbea	#37e6d8
149	Echinicola	Johnsonella	2.0	2	3	Buccal_mucosa	Subgingival_plaque	Intertype	#1996f3	#e4cf74	#cccccc	5.0	5.0	#07bbea	#37e6d8
150	Johnsonella	Enterococcus	2.0	3	2	Subgingival_plaque	Attached	Intertype	#e4cf74	#4e4dfc	#cccccc	5.0	5.0	#07bbea	#37e6d8
151	Enterococcus	Johnsonella	2.0	2	3	Attached	Subgingival_plaque	Intertype	#4e4dfc	#e4cf74	#cccccc	5.0	5.0	#07bbea	#37e6d8
152	Kingella	Abiotrophia	6.0	8	8	Supragingival_plaque	Buccal_mucosa	Intertype	#ff964f	#1996f3	#cccccc	1.0	0.0	#6629fe	#8000ff
153	Abiotrophia	Kingella	6.0	8	8	Buccal_mucosa	Supragingival_plaque	Intertype	#1996f3	#ff964f	#cccccc	1.0	0.0	#6629fe	#8000ff
154	Leptotrichia	Lachnoanaerobaculum	6.0	8	8	Supragingival_plaque	Tongue_dorsum	Intertype	#ff964f	#ff0000	#cccccc	19.0	0.0	#ff0000	#8000ff
155	Lachnoanaerobaculum	Leptotrichia	6.0	8	8	Tongue_dorsum	Supragingival_plaque	Intertype	#ff0000	#ff964f	#cccccc	19.0	0.0	#ff0000	#8000ff
156	Leuconostoc	Alicycliphilus	1.0	1	1	Saliva	Buccal_mucosa	Intertype	#7effb5	#1996f3	#cccccc	4.0	4.0	#169bf2	#10c6e6
157	Alicycliphilus	Leuconostoc	1.0	1	1	Buccal_mucosa	Saliva	Intertype	#1996f3	#7effb5	#cccccc	4.0	4.0	#169bf2	#10c6e6
158	Leuconostoc	Brochothrix	1.0	1	1	Saliva	Saliva	Saliva	#7effb5	#7effb5	#7effb5	4.0	4.0	#169bf2	#10c6e6
159	Brochothrix	Leuconostoc	1.0	1	1	Saliva	Saliva	Saliva	#7effb5	#7effb5	#7effb5	4.0	4.0	#169bf2	#10c6e6
160	Leuconostoc	Bulleidia	1.0	1	1	Saliva	Throat	Intertype	#7effb5	#ff5029	#cccccc	4.0	4.0	#169bf2	#10c6e6
161	Bulleidia	Leuconostoc	1.0	1	1	Throat	Saliva	Intertype	#ff5029	#7effb5	#cccccc	4.0	4.0	#169bf2	#10c6e6
162	Leuconostoc	Centipeda	1.0	1	1	Saliva	Subgingival_plaque	Intertype	#7effb5	#e4cf74	#cccccc	4.0	4.0	#169bf2	#10c6e6
163	Centipeda	Leuconostoc	1.0	1	1	Subgingival_plaque	Saliva	Intertype	#e4cf74	#7effb5	#cccccc	4.0	4.0	#169bf2	#10c6e6
164	Leuconostoc	Comamonas	1.0	1	1	Saliva	Mid_vagina	Intertype	#7effb5	#18cde4	#cccccc	4.0	4.0	#169bf2	#10c6e6
165	Comamonas	Leuconostoc	1.0	1	1	Mid_vagina	Saliva	Intertype	#18cde4	#7effb5	#cccccc	4.0	4.0	#169bf2	#10c6e6
166	Leuconostoc	Elizabethkingia	1.0	1	1	Saliva	Buccal_mucosa	Intertype	#7effb5	#1996f3	#cccccc	4.0	4.0	#169bf2	#10c6e6
167	Elizabethkingia	Leuconostoc	1.0	1	1	Buccal_mucosa	Saliva	Intertype	#1996f3	#7effb5	#cccccc	4.0	4.0	#169bf2	#10c6e6
168	Mangrovimonas	Alloprevotella	2.0	2	8	Buccal_mucosa	Attached	Intertype	#1996f3	#4e4dfc	#cccccc	5.0	5.0	#07bbea	#37e6d8
169	Alloprevotella	Mangrovimonas	2.0	8	2	Attached	Buccal_mucosa	Intertype	#4e4dfc	#1996f3	#cccccc	5.0	5.0	#07bbea	#37e6d8
170	Mangrovimonas	Bacillus	2.0	2	4	Buccal_mucosa	Anterior_nares	Intertype	#1996f3	#8000ff	#cccccc	5.0	5.0	#07bbea	#37e6d8
171	Bacillus	Mangrovimonas	2.0	4	2	Anterior_nares	Buccal_mucosa	Intertype	#8000ff	#1996f3	#cccccc	16.0	5.0	#ff7b40	#37e6d8
172	Mangrovimonas	Chlamydia	2.0	2	3	Buccal_mucosa	Attached	Intertype	#1996f3	#4e4dfc	#cccccc	5.0	5.0	#07bbea	#37e6d8
173	Chlamydia	Mangrovimonas	2.0	3	2	Attached	Buccal_mucosa	Intertype	#4e4dfc	#1996f3	#cccccc	5.0	5.0	#07bbea	#37e6d8
174	Mangrovimonas	Chryseobacterium	2.0	2	4	Buccal_mucosa	Attached	Intertype	#1996f3	#4e4dfc	#cccccc	5.0	5.0	#07bbea	#37e6d8
175	Chryseobacterium	Mangrovimonas	2.0	4	2	Attached	Buccal_mucosa	Intertype	#4e4dfc	#1996f3	#cccccc	5.0	5.0	#07bbea	#37e6d8
176	Mangrovimonas	Johnsonella	2.0	2	3	Buccal_mucosa	Subgingival_plaque	Intertype	#1996f3	#e4cf74	#cccccc	5.0	5.0	#07bbea	#37e6d8
177	Johnsonella	Mangrovimonas	2.0	3	2	Subgingival_plaque	Buccal_mucosa	Intertype	#e4cf74	#1996f3	#cccccc	5.0	5.0	#07bbea	#37e6d8
178	Mannheimia	Haemophilus	4.0	6	8	Buccal_mucosa	Buccal_mucosa	Buccal_mucosa	#1996f3	#1996f3	#1996f3	11.0	5.0	#a6f89d	#37e6d8
179	Haemophilus	Mannheimia	4.0	8	6	Buccal_mucosa	Buccal_mucosa	Buccal_mucosa	#1996f3	#1996f3	#1996f3	3.0	5.0	#3079f7	#37e6d8
180	Megasphaera	Lactobacillus	4.0	6	5	Saliva	Mid_vagina	Intertype	#7effb5	#18cde4	#cccccc	12.0	12.0	#c2ea8c	#ff703a
181	Lactobacillus	Megasphaera	4.0	5	6	Mid_vagina	Saliva	Intertype	#18cde4	#7effb5	#cccccc	12.0	12.0	#c2ea8c	#ff703a
182	Mogibacterium	Alicycliphilus	1.0	1	1	Throat	Buccal_mucosa	Intertype	#ff5029	#1996f3	#cccccc	4.0	4.0	#169bf2	#10c6e6
183	Alicycliphilus	Mogibacterium	1.0	1	1	Buccal_mucosa	Throat	Intertype	#1996f3	#ff5029	#cccccc	4.0	4.0	#169bf2	#10c6e6
184	Mogibacterium	Brochothrix	1.0	1	1	Throat	Saliva	Intertype	#ff5029	#7effb5	#cccccc	4.0	4.0	#169bf2	#10c6e6
185	Brochothrix	Mogibacterium	1.0	1	1	Saliva	Throat	Intertype	#7effb5	#ff5029	#cccccc	4.0	4.0	#169bf2	#10c6e6
186	Mogibacterium	Bulleidia	1.0	1	1	Throat	Throat	Throat	#ff5029	#ff5029	#ff5029	4.0	4.0	#169bf2	#10c6e6
187	Bulleidia	Mogibacterium	1.0	1	1	Throat	Throat	Throat	#ff5029	#ff5029	#ff5029	4.0	4.0	#169bf2	#10c6e6
188	Mogibacterium	Centipeda	1.0	1	1	Throat	Subgingival_plaque	Intertype	#ff5029	#e4cf74	#cccccc	4.0	4.0	#169bf2	#10c6e6
189	Centipeda	Mogibacterium	1.0	1	1	Subgingival_plaque	Throat	Intertype	#e4cf74	#ff5029	#cccccc	4.0	4.0	#169bf2	#10c6e6
190	Mogibacterium	Comamonas	1.0	1	1	Throat	Mid_vagina	Intertype	#ff5029	#18cde4	#cccccc	4.0	4.0	#169bf2	#10c6e6
191	Comamonas	Mogibacterium	1.0	1	1	Mid_vagina	Throat	Intertype	#18cde4	#ff5029	#cccccc	4.0	4.0	#169bf2	#10c6e6
192	Mogibacterium	Elizabethkingia	1.0	1	1	Throat	Buccal_mucosa	Intertype	#ff5029	#1996f3	#cccccc	4.0	4.0	#169bf2	#10c6e6
193	Elizabethkingia	Mogibacterium	1.0	1	1	Buccal_mucosa	Throat	Intertype	#1996f3	#ff5029	#cccccc	4.0	4.0	#169bf2	#10c6e6
194	Mogibacterium	Leuconostoc	1.0	1	1	Throat	Saliva	Intertype	#ff5029	#7effb5	#cccccc	4.0	4.0	#169bf2	#10c6e6
195	Leuconostoc	Mogibacterium	1.0	1	1	Saliva	Throat	Intertype	#7effb5	#ff5029	#cccccc	4.0	4.0	#169bf2	#10c6e6
196	Mycobacterium	Alicycliphilus	1.0	1	1	Mid_vagina	Buccal_mucosa	Intertype	#18cde4	#1996f3	#cccccc	4.0	4.0	#169bf2	#10c6e6
197	Alicycliphilus	Mycobacterium	1.0	1	1	Buccal_mucosa	Mid_vagina	Intertype	#1996f3	#18cde4	#cccccc	4.0	4.0	#169bf2	#10c6e6
198	Mycobacterium	Brochothrix	1.0	1	1	Mid_vagina	Saliva	Intertype	#18cde4	#7effb5	#cccccc	4.0	4.0	#169bf2	#10c6e6
199	Brochothrix	Mycobacterium	1.0	1	1	Saliva	Mid_vagina	Intertype	#7effb5	#18cde4	#cccccc	4.0	4.0	#169bf2	#10c6e6
200	Mycobacterium	Bulleidia	1.0	1	1	Mid_vagina	Throat	Intertype	#18cde4	#ff5029	#cccccc	4.0	4.0	#169bf2	#10c6e6
201	Bulleidia	Mycobacterium	1.0	1	1	Throat	Mid_vagina	Intertype	#ff5029	#18cde4	#cccccc	4.0	4.0	#169bf2	#10c6e6
202	Mycobacterium	Centipeda	1.0	1	1	Mid_vagina	Subgingival_plaque	Intertype	#18cde4	#e4cf74	#cccccc	4.0	4.0	#169bf2	#10c6e6
203	Centipeda	Mycobacterium	1.0	1	1	Subgingival_plaque	Mid_vagina	Intertype	#e4cf74	#18cde4	#cccccc	4.0	4.0	#169bf2	#10c6e6
204	Mycobacterium	Comamonas	1.0	1	1	Mid_vagina	Mid_vagina	Mid_vagina	#18cde4	#18cde4	#18cde4	4.0	4.0	#169bf2	#10c6e6
205	Comamonas	Mycobacterium	1.0	1	1	Mid_vagina	Mid_vagina	Mid_vagina	#18cde4	#18cde4	#18cde4	4.0	4.0	#169bf2	#10c6e6
206	Mycobacterium	Elizabethkingia	1.0	1	1	Mid_vagina	Buccal_mucosa	Intertype	#18cde4	#1996f3	#cccccc	4.0	4.0	#169bf2	#10c6e6
207	Elizabethkingia	Mycobacterium	1.0	1	1	Buccal_mucosa	Mid_vagina	Intertype	#1996f3	#18cde4	#cccccc	4.0	4.0	#169bf2	#10c6e6
208	Mycobacterium	Leuconostoc	1.0	1	1	Mid_vagina	Saliva	Intertype	#18cde4	#7effb5	#cccccc	4.0	4.0	#169bf2	#10c6e6
209	Leuconostoc	Mycobacterium	1.0	1	1	Saliva	Mid_vagina	Intertype	#7effb5	#18cde4	#cccccc	4.0	4.0	#169bf2	#10c6e6
210	Mycobacterium	Mogibacterium	1.0	1	1	Mid_vagina	Throat	Intertype	#18cde4	#ff5029	#cccccc	4.0	4.0	#169bf2	#10c6e6
211	Mogibacterium	Mycobacterium	1.0	1	1	Throat	Mid_vagina	Intertype	#ff5029	#18cde4	#cccccc	4.0	4.0	#169bf2	#10c6e6
212	Mycoplasma	Akkermansia	1.0	1	1	Subgingival_plaque	Stool	Intertype	#e4cf74	#b2f396	#cccccc	12.0	3.0	#c2ea8c	#149df1
213	Akkermansia	Mycoplasma	1.0	1	1	Stool	Subgingival_plaque	Intertype	#b2f396	#e4cf74	#cccccc	12.0	3.0	#c2ea8c	#149df1
214	Mycoplasma	Alistipes	1.0	1	4	Subgingival_plaque	Stool	Intertype	#e4cf74	#b2f396	#cccccc	12.0	3.0	#c2ea8c	#149df1
215	Alistipes	Mycoplasma	1.0	4	1	Stool	Subgingival_plaque	Intertype	#b2f396	#e4cf74	#cccccc	12.0	3.0	#c2ea8c	#149df1
216	Mycoplasma	Butyrivibrio	1.0	1	1	Subgingival_plaque	Stool	Intertype	#e4cf74	#b2f396	#cccccc	12.0	3.0	#c2ea8c	#149df1
217	Butyrivibrio	Mycoplasma	1.0	1	1	Stool	Subgingival_plaque	Intertype	#b2f396	#e4cf74	#cccccc	12.0	3.0	#c2ea8c	#149df1
218	Mycoplasma	Coprococcus	1.0	1	1	Subgingival_plaque	Stool	Intertype	#e4cf74	#b2f396	#cccccc	12.0	3.0	#c2ea8c	#149df1
219	Coprococcus	Mycoplasma	1.0	1	1	Stool	Subgingival_plaque	Intertype	#b2f396	#e4cf74	#cccccc	12.0	3.0	#c2ea8c	#149df1
220	Mycoplasma	Cryptobacterium	1.0	1	1	Subgingival_plaque	Supragingival_plaque	Intertype	#e4cf74	#ff964f	#cccccc	12.0	3.0	#c2ea8c	#149df1
221	Cryptobacterium	Mycoplasma	1.0	1	1	Supragingival_plaque	Subgingival_plaque	Intertype	#ff964f	#e4cf74	#cccccc	12.0	3.0	#c2ea8c	#149df1
222	Mycoplasma	Dorea	1.0	1	1	Subgingival_plaque	Stool	Intertype	#e4cf74	#b2f396	#cccccc	12.0	3.0	#c2ea8c	#149df1
223	Dorea	Mycoplasma	1.0	1	1	Stool	Subgingival_plaque	Intertype	#b2f396	#e4cf74	#cccccc	12.0	3.0	#c2ea8c	#149df1
224	Mycoplasma	Intestinimonas	1.0	1	1	Subgingival_plaque	Stool	Intertype	#e4cf74	#b2f396	#cccccc	12.0	3.0	#c2ea8c	#149df1
225	Intestinimonas	Mycoplasma	1.0	1	1	Stool	Subgingival_plaque	Intertype	#b2f396	#e4cf74	#cccccc	12.0	3.0	#c2ea8c	#149df1
226	Necropsobacter	Alloprevotella	2.0	2	8	Buccal_mucosa	Attached	Intertype	#1996f3	#4e4dfc	#cccccc	5.0	5.0	#07bbea	#37e6d8
227	Alloprevotella	Necropsobacter	2.0	8	2	Attached	Buccal_mucosa	Intertype	#4e4dfc	#1996f3	#cccccc	5.0	5.0	#07bbea	#37e6d8
228	Necropsobacter	Bacillus	2.0	2	4	Buccal_mucosa	Anterior_nares	Intertype	#1996f3	#8000ff	#cccccc	5.0	5.0	#07bbea	#37e6d8
229	Bacillus	Necropsobacter	2.0	4	2	Anterior_nares	Buccal_mucosa	Intertype	#8000ff	#1996f3	#cccccc	16.0	5.0	#ff7b40	#37e6d8
230	Necropsobacter	Chlamydia	2.0	2	3	Buccal_mucosa	Attached	Intertype	#1996f3	#4e4dfc	#cccccc	5.0	5.0	#07bbea	#37e6d8
231	Chlamydia	Necropsobacter	2.0	3	2	Attached	Buccal_mucosa	Intertype	#4e4dfc	#1996f3	#cccccc	5.0	5.0	#07bbea	#37e6d8
232	Necropsobacter	Chryseobacterium	2.0	2	4	Buccal_mucosa	Attached	Intertype	#1996f3	#4e4dfc	#cccccc	5.0	5.0	#07bbea	#37e6d8
233	Chryseobacterium	Necropsobacter	2.0	4	2	Attached	Buccal_mucosa	Intertype	#4e4dfc	#1996f3	#cccccc	5.0	5.0	#07bbea	#37e6d8
234	Necropsobacter	Johnsonella	2.0	2	3	Buccal_mucosa	Subgingival_plaque	Intertype	#1996f3	#e4cf74	#cccccc	5.0	5.0	#07bbea	#37e6d8
235	Johnsonella	Necropsobacter	2.0	3	2	Subgingival_plaque	Buccal_mucosa	Intertype	#e4cf74	#1996f3	#cccccc	5.0	5.0	#07bbea	#37e6d8
236	Odoribacter	Akkermansia	1.0	2	1	Stool	Stool	Stool	#b2f396	#b2f396	#b2f396	12.0	3.0	#c2ea8c	#149df1
237	Akkermansia	Odoribacter	1.0	1	2	Stool	Stool	Stool	#b2f396	#b2f396	#b2f396	12.0	3.0	#c2ea8c	#149df1
238	Odoribacter	Alistipes	1.0	2	4	Stool	Stool	Stool	#b2f396	#b2f396	#b2f396	12.0	3.0	#c2ea8c	#149df1
239	Alistipes	Odoribacter	1.0	4	2	Stool	Stool	Stool	#b2f396	#b2f396	#b2f396	12.0	3.0	#c2ea8c	#149df1
240	Odoribacter	Butyrivibrio	1.0	2	1	Stool	Stool	Stool	#b2f396	#b2f396	#b2f396	12.0	3.0	#c2ea8c	#149df1
241	Butyrivibrio	Odoribacter	1.0	1	2	Stool	Stool	Stool	#b2f396	#b2f396	#b2f396	12.0	3.0	#c2ea8c	#149df1
242	Odoribacter	Coprococcus	1.0	2	1	Stool	Stool	Stool	#b2f396	#b2f396	#b2f396	12.0	3.0	#c2ea8c	#149df1
243	Coprococcus	Odoribacter	1.0	1	2	Stool	Stool	Stool	#b2f396	#b2f396	#b2f396	12.0	3.0	#c2ea8c	#149df1
244	Odoribacter	Cryptobacterium	1.0	2	1	Stool	Supragingival_plaque	Intertype	#b2f396	#ff964f	#cccccc	12.0	3.0	#c2ea8c	#149df1
245	Cryptobacterium	Odoribacter	1.0	1	2	Supragingival_plaque	Stool	Intertype	#ff964f	#b2f396	#cccccc	12.0	3.0	#c2ea8c	#149df1
246	Odoribacter	Dorea	1.0	2	1	Stool	Stool	Stool	#b2f396	#b2f396	#b2f396	12.0	3.0	#c2ea8c	#149df1
247	Dorea	Odoribacter	1.0	1	2	Stool	Stool	Stool	#b2f396	#b2f396	#b2f396	12.0	3.0	#c2ea8c	#149df1
248	Odoribacter	Intestinimonas	1.0	2	1	Stool	Stool	Stool	#b2f396	#b2f396	#b2f396	12.0	3.0	#c2ea8c	#149df1
249	Intestinimonas	Odoribacter	1.0	1	2	Stool	Stool	Stool	#b2f396	#b2f396	#b2f396	12.0	3.0	#c2ea8c	#149df1
250	Odoribacter	Mycoplasma	1.0	2	1	Stool	Subgingival_plaque	Intertype	#b2f396	#e4cf74	#cccccc	12.0	3.0	#c2ea8c	#149df1
251	Mycoplasma	Odoribacter	1.0	1	2	Subgingival_plaque	Stool	Intertype	#e4cf74	#b2f396	#cccccc	12.0	3.0	#c2ea8c	#149df1
252	Olsenella	Alicycliphilus	1.0	1	1	Subgingival_plaque	Buccal_mucosa	Intertype	#e4cf74	#1996f3	#cccccc	4.0	4.0	#169bf2	#10c6e6
253	Alicycliphilus	Olsenella	1.0	1	1	Buccal_mucosa	Subgingival_plaque	Intertype	#1996f3	#e4cf74	#cccccc	4.0	4.0	#169bf2	#10c6e6
254	Olsenella	Brochothrix	1.0	1	1	Subgingival_plaque	Saliva	Intertype	#e4cf74	#7effb5	#cccccc	4.0	4.0	#169bf2	#10c6e6
255	Brochothrix	Olsenella	1.0	1	1	Saliva	Subgingival_plaque	Intertype	#7effb5	#e4cf74	#cccccc	4.0	4.0	#169bf2	#10c6e6
256	Olsenella	Bulleidia	1.0	1	1	Subgingival_plaque	Throat	Intertype	#e4cf74	#ff5029	#cccccc	4.0	4.0	#169bf2	#10c6e6
257	Bulleidia	Olsenella	1.0	1	1	Throat	Subgingival_plaque	Intertype	#ff5029	#e4cf74	#cccccc	4.0	4.0	#169bf2	#10c6e6
258	Olsenella	Centipeda	1.0	1	1	Subgingival_plaque	Subgingival_plaque	Subgingival_plaque	#e4cf74	#e4cf74	#e4cf74	4.0	4.0	#169bf2	#10c6e6
259	Centipeda	Olsenella	1.0	1	1	Subgingival_plaque	Subgingival_plaque	Subgingival_plaque	#e4cf74	#e4cf74	#e4cf74	4.0	4.0	#169bf2	#10c6e6
260	Olsenella	Comamonas	1.0	1	1	Subgingival_plaque	Mid_vagina	Intertype	#e4cf74	#18cde4	#cccccc	4.0	4.0	#169bf2	#10c6e6
261	Comamonas	Olsenella	1.0	1	1	Mid_vagina	Subgingival_plaque	Intertype	#18cde4	#e4cf74	#cccccc	4.0	4.0	#169bf2	#10c6e6
262	Olsenella	Elizabethkingia	1.0	1	1	Subgingival_plaque	Buccal_mucosa	Intertype	#e4cf74	#1996f3	#cccccc	4.0	4.0	#169bf2	#10c6e6
263	Elizabethkingia	Olsenella	1.0	1	1	Buccal_mucosa	Subgingival_plaque	Intertype	#1996f3	#e4cf74	#cccccc	4.0	4.0	#169bf2	#10c6e6
264	Olsenella	Leuconostoc	1.0	1	1	Subgingival_plaque	Saliva	Intertype	#e4cf74	#7effb5	#cccccc	4.0	4.0	#169bf2	#10c6e6
265	Leuconostoc	Olsenella	1.0	1	1	Saliva	Subgingival_plaque	Intertype	#7effb5	#e4cf74	#cccccc	4.0	4.0	#169bf2	#10c6e6
266	Olsenella	Mogibacterium	1.0	1	1	Subgingival_plaque	Throat	Intertype	#e4cf74	#ff5029	#cccccc	4.0	4.0	#169bf2	#10c6e6
267	Mogibacterium	Olsenella	1.0	1	1	Throat	Subgingival_plaque	Intertype	#ff5029	#e4cf74	#cccccc	4.0	4.0	#169bf2	#10c6e6
268	Olsenella	Mycobacterium	1.0	1	1	Subgingival_plaque	Mid_vagina	Intertype	#e4cf74	#18cde4	#cccccc	4.0	4.0	#169bf2	#10c6e6
269	Mycobacterium	Olsenella	1.0	1	1	Mid_vagina	Subgingival_plaque	Intertype	#18cde4	#e4cf74	#cccccc	4.0	4.0	#169bf2	#10c6e6
270	Oribacterium	Eubacterium	5.0	8	6	Saliva	Subgingival_plaque	Intertype	#7effb5	#e4cf74	#cccccc	15.0	1.0	#ff9d53	#5c38fd
271	Eubacterium	Oribacterium	5.0	6	8	Subgingival_plaque	Saliva	Intertype	#e4cf74	#7effb5	#cccccc	15.0	1.0	#ff9d53	#5c38fd
272	Oscillibacter	Akkermansia	1.0	1	1	Stool	Stool	Stool	#b2f396	#b2f396	#b2f396	12.0	3.0	#c2ea8c	#149df1
273	Akkermansia	Oscillibacter	1.0	1	1	Stool	Stool	Stool	#b2f396	#b2f396	#b2f396	12.0	3.0	#c2ea8c	#149df1
274	Oscillibacter	Alistipes	1.0	1	4	Stool	Stool	Stool	#b2f396	#b2f396	#b2f396	12.0	3.0	#c2ea8c	#149df1
275	Alistipes	Oscillibacter	1.0	4	1	Stool	Stool	Stool	#b2f396	#b2f396	#b2f396	12.0	3.0	#c2ea8c	#149df1
276	Oscillibacter	Butyrivibrio	1.0	1	1	Stool	Stool	Stool	#b2f396	#b2f396	#b2f396	12.0	3.0	#c2ea8c	#149df1
277	Butyrivibrio	Oscillibacter	1.0	1	1	Stool	Stool	Stool	#b2f396	#b2f396	#b2f396	12.0	3.0	#c2ea8c	#149df1
278	Oscillibacter	Coprococcus	1.0	1	1	Stool	Stool	Stool	#b2f396	#b2f396	#b2f396	12.0	3.0	#c2ea8c	#149df1
279	Coprococcus	Oscillibacter	1.0	1	1	Stool	Stool	Stool	#b2f396	#b2f396	#b2f396	12.0	3.0	#c2ea8c	#149df1
280	Oscillibacter	Cryptobacterium	1.0	1	1	Stool	Supragingival_plaque	Intertype	#b2f396	#ff964f	#cccccc	12.0	3.0	#c2ea8c	#149df1
281	Cryptobacterium	Oscillibacter	1.0	1	1	Supragingival_plaque	Stool	Intertype	#ff964f	#b2f396	#cccccc	12.0	3.0	#c2ea8c	#149df1
282	Oscillibacter	Dorea	1.0	1	1	Stool	Stool	Stool	#b2f396	#b2f396	#b2f396	12.0	3.0	#c2ea8c	#149df1
283	Dorea	Oscillibacter	1.0	1	1	Stool	Stool	Stool	#b2f396	#b2f396	#b2f396	12.0	3.0	#c2ea8c	#149df1
284	Oscillibacter	Intestinimonas	1.0	1	1	Stool	Stool	Stool	#b2f396	#b2f396	#b2f396	12.0	3.0	#c2ea8c	#149df1
285	Intestinimonas	Oscillibacter	1.0	1	1	Stool	Stool	Stool	#b2f396	#b2f396	#b2f396	12.0	3.0	#c2ea8c	#149df1
286	Oscillibacter	Mycoplasma	1.0	1	1	Stool	Subgingival_plaque	Intertype	#b2f396	#e4cf74	#cccccc	12.0	3.0	#c2ea8c	#149df1
287	Mycoplasma	Oscillibacter	1.0	1	1	Subgingival_plaque	Stool	Intertype	#e4cf74	#b2f396	#cccccc	12.0	3.0	#c2ea8c	#149df1
288	Oscillibacter	Odoribacter	1.0	1	2	Stool	Stool	Stool	#b2f396	#b2f396	#b2f396	12.0	3.0	#c2ea8c	#149df1
289	Odoribacter	Oscillibacter	1.0	2	1	Stool	Stool	Stool	#b2f396	#b2f396	#b2f396	12.0	3.0	#c2ea8c	#149df1
290	Ottowia	Corynebacterium	2.0	4	8	Subgingival_plaque	Supragingival_plaque	Intertype	#e4cf74	#ff964f	#cccccc	0.0	9.0	#8000ff	#c6e789
291	Corynebacterium	Ottowia	2.0	8	4	Supragingival_plaque	Subgingival_plaque	Intertype	#ff964f	#e4cf74	#cccccc	16.0	9.0	#ff7b40	#c6e789
292	Oxalobacter	Akkermansia	1.0	1	1	Stool	Stool	Stool	#b2f396	#b2f396	#b2f396	12.0	3.0	#c2ea8c	#149df1
293	Akkermansia	Oxalobacter	1.0	1	1	Stool	Stool	Stool	#b2f396	#b2f396	#b2f396	12.0	3.0	#c2ea8c	#149df1
294	Oxalobacter	Alistipes	1.0	1	4	Stool	Stool	Stool	#b2f396	#b2f396	#b2f396	12.0	3.0	#c2ea8c	#149df1
295	Alistipes	Oxalobacter	1.0	4	1	Stool	Stool	Stool	#b2f396	#b2f396	#b2f396	12.0	3.0	#c2ea8c	#149df1
296	Oxalobacter	Butyrivibrio	1.0	1	1	Stool	Stool	Stool	#b2f396	#b2f396	#b2f396	12.0	3.0	#c2ea8c	#149df1
297	Butyrivibrio	Oxalobacter	1.0	1	1	Stool	Stool	Stool	#b2f396	#b2f396	#b2f396	12.0	3.0	#c2ea8c	#149df1
298	Oxalobacter	Coprococcus	1.0	1	1	Stool	Stool	Stool	#b2f396	#b2f396	#b2f396	12.0	3.0	#c2ea8c	#149df1
299	Coprococcus	Oxalobacter	1.0	1	1	Stool	Stool	Stool	#b2f396	#b2f396	#b2f396	12.0	3.0	#c2ea8c	#149df1
300	Oxalobacter	Cryptobacterium	1.0	1	1	Stool	Supragingival_plaque	Intertype	#b2f396	#ff964f	#cccccc	12.0	3.0	#c2ea8c	#149df1
301	Cryptobacterium	Oxalobacter	1.0	1	1	Supragingival_plaque	Stool	Intertype	#ff964f	#b2f396	#cccccc	12.0	3.0	#c2ea8c	#149df1
302	Oxalobacter	Dorea	1.0	1	1	Stool	Stool	Stool	#b2f396	#b2f396	#b2f396	12.0	3.0	#c2ea8c	#149df1
303	Dorea	Oxalobacter	1.0	1	1	Stool	Stool	Stool	#b2f396	#b2f396	#b2f396	12.0	3.0	#c2ea8c	#149df1
304	Oxalobacter	Intestinimonas	1.0	1	1	Stool	Stool	Stool	#b2f396	#b2f396	#b2f396	12.0	3.0	#c2ea8c	#149df1
305	Intestinimonas	Oxalobacter	1.0	1	1	Stool	Stool	Stool	#b2f396	#b2f396	#b2f396	12.0	3.0	#c2ea8c	#149df1
306	Oxalobacter	Mycoplasma	1.0	1	1	Stool	Subgingival_plaque	Intertype	#b2f396	#e4cf74	#cccccc	12.0	3.0	#c2ea8c	#149df1
307	Mycoplasma	Oxalobacter	1.0	1	1	Subgingival_plaque	Stool	Intertype	#e4cf74	#b2f396	#cccccc	12.0	3.0	#c2ea8c	#149df1
308	Oxalobacter	Odoribacter	1.0	1	2	Stool	Stool	Stool	#b2f396	#b2f396	#b2f396	12.0	3.0	#c2ea8c	#149df1
309	Odoribacter	Oxalobacter	1.0	2	1	Stool	Stool	Stool	#b2f396	#b2f396	#b2f396	12.0	3.0	#c2ea8c	#149df1
310	Oxalobacter	Oscillibacter	1.0	1	1	Stool	Stool	Stool	#b2f396	#b2f396	#b2f396	12.0	3.0	#c2ea8c	#149df1
311	Oscillibacter	Oxalobacter	1.0	1	1	Stool	Stool	Stool	#b2f396	#b2f396	#b2f396	12.0	3.0	#c2ea8c	#149df1
312	Parabacteroides	Aggregatibacter	3.0	3	8	Stool	Mixed	Intertype	#b2f396	#cccccc	#cccccc	9.0	0.0	#70febc	#8000ff
313	Aggregatibacter	Parabacteroides	3.0	8	3	Mixed	Stool	Intertype	#cccccc	#b2f396	#cccccc	9.0	0.0	#70febc	#8000ff
314	Parabacteroides	Campylobacter	3.0	3	8	Stool	Saliva	Intertype	#b2f396	#7effb5	#cccccc	9.0	0.0	#70febc	#8000ff
315	Campylobacter	Parabacteroides	3.0	8	3	Saliva	Stool	Intertype	#7effb5	#b2f396	#cccccc	9.0	0.0	#70febc	#8000ff
316	Parabacteroides	Lachnoanaerobaculum	3.0	3	8	Stool	Tongue_dorsum	Intertype	#b2f396	#ff0000	#cccccc	9.0	0.0	#70febc	#8000ff
317	Lachnoanaerobaculum	Parabacteroides	3.0	8	3	Tongue_dorsum	Stool	Intertype	#ff0000	#b2f396	#cccccc	19.0	0.0	#ff0000	#8000ff
318	Parabacteroides	Leptotrichia	3.0	3	8	Stool	Supragingival_plaque	Intertype	#b2f396	#ff964f	#cccccc	9.0	0.0	#70febc	#8000ff
319	Leptotrichia	Parabacteroides	3.0	8	3	Supragingival_plaque	Stool	Intertype	#ff964f	#b2f396	#cccccc	19.0	0.0	#ff0000	#8000ff
320	Paracoccus	Corynebacterium	2.0	2	8	Anterior_nares	Supragingival_plaque	Intertype	#8000ff	#ff964f	#cccccc	13.0	9.0	#dcd67a	#c6e789
321	Corynebacterium	Paracoccus	2.0	8	2	Supragingival_plaque	Anterior_nares	Intertype	#ff964f	#8000ff	#cccccc	16.0	9.0	#ff7b40	#c6e789
322	Paracoccus	Isoptericola	2.0	2	4	Anterior_nares	Tongue_dorsum	Intertype	#8000ff	#ff0000	#cccccc	13.0	9.0	#dcd67a	#c6e789
323	Isoptericola	Paracoccus	2.0	4	2	Tongue_dorsum	Anterior_nares	Intertype	#ff0000	#8000ff	#cccccc	13.0	9.0	#dcd67a	#c6e789
324	Parvimonas	Acidovorax	4.0	6	5	Throat	Anterior_nares	Intertype	#ff5029	#8000ff	#cccccc	15.0	1.0	#ff9d53	#5c38fd
325	Acidovorax	Parvimonas	4.0	5	6	Anterior_nares	Throat	Intertype	#8000ff	#ff5029	#cccccc	15.0	1.0	#ff9d53	#5c38fd
326	Parvimonas	Actinobaculum	4.0	6	8	Throat	Supragingival_plaque	Intertype	#ff5029	#ff964f	#cccccc	15.0	1.0	#ff9d53	#5c38fd
327	Actinobaculum	Parvimonas	4.0	8	6	Supragingival_plaque	Throat	Intertype	#ff964f	#ff5029	#cccccc	15.0	1.0	#ff9d53	#5c38fd
328	Parvimonas	Actinomyces	5.0	6	8	Throat	Supragingival_plaque	Intertype	#ff5029	#ff964f	#cccccc	15.0	1.0	#ff9d53	#5c38fd
329	Actinomyces	Parvimonas	5.0	8	6	Supragingival_plaque	Throat	Intertype	#ff964f	#ff5029	#cccccc	15.0	1.0	#ff9d53	#5c38fd
330	Parvimonas	Eubacterium	5.0	6	6	Throat	Subgingival_plaque	Intertype	#ff5029	#e4cf74	#cccccc	15.0	1.0	#ff9d53	#5c38fd
331	Eubacterium	Parvimonas	5.0	6	6	Subgingival_plaque	Throat	Intertype	#e4cf74	#ff5029	#cccccc	15.0	1.0	#ff9d53	#5c38fd
332	Parvimonas	Oribacterium	4.0	6	8	Throat	Saliva	Intertype	#ff5029	#7effb5	#cccccc	15.0	1.0	#ff9d53	#5c38fd
333	Oribacterium	Parvimonas	4.0	8	6	Saliva	Throat	Intertype	#7effb5	#ff5029	#cccccc	15.0	1.0	#ff9d53	#5c38fd
334	Pasteurella	Haemophilus	5.0	6	8	Buccal_mucosa	Buccal_mucosa	Buccal_mucosa	#1996f3	#1996f3	#1996f3	11.0	5.0	#a6f89d	#37e6d8
335	Haemophilus	Pasteurella	5.0	8	6	Buccal_mucosa	Buccal_mucosa	Buccal_mucosa	#1996f3	#1996f3	#1996f3	3.0	5.0	#3079f7	#37e6d8
336	Pasteurella	Mannheimia	4.0	6	6	Buccal_mucosa	Buccal_mucosa	Buccal_mucosa	#1996f3	#1996f3	#1996f3	11.0	5.0	#a6f89d	#37e6d8
337	Mannheimia	Pasteurella	4.0	6	6	Buccal_mucosa	Buccal_mucosa	Buccal_mucosa	#1996f3	#1996f3	#1996f3	11.0	5.0	#a6f89d	#37e6d8
338	Peptoniphilus	Lactococcus	4.0	7	4	Anterior_nares	Anterior_nares	Anterior_nares	#8000ff	#8000ff	#8000ff	12.0	13.0	#c2ea8c	#ff3b1e
339	Lactococcus	Peptoniphilus	4.0	4	7	Anterior_nares	Anterior_nares	Anterior_nares	#8000ff	#8000ff	#8000ff	12.0	13.0	#c2ea8c	#ff3b1e
340	Prevotella	Gemella	7.0	8	8	Throat	Buccal_mucosa	Intertype	#ff5029	#1996f3	#cccccc	14.0	11.0	#f6be68	#ffa055
341	Gemella	Prevotella	7.0	8	8	Buccal_mucosa	Throat	Intertype	#1996f3	#ff5029	#cccccc	14.0	11.0	#f6be68	#ffa055
342	Pseudomonas	Corynebacterium	3.0	4	8	Mid_vagina	Supragingival_plaque	Intertype	#18cde4	#ff964f	#cccccc	13.0	9.0	#dcd67a	#c6e789
343	Corynebacterium	Pseudomonas	3.0	8	4	Supragingival_plaque	Mid_vagina	Intertype	#ff964f	#18cde4	#cccccc	16.0	9.0	#ff7b40	#c6e789
344	Pseudomonas	Dechloromonas	2.0	4	2	Mid_vagina	Buccal_mucosa	Intertype	#18cde4	#1996f3	#cccccc	13.0	9.0	#dcd67a	#c6e789
345	Dechloromonas	Pseudomonas	2.0	2	4	Buccal_mucosa	Mid_vagina	Intertype	#1996f3	#18cde4	#cccccc	13.0	9.0	#dcd67a	#c6e789
346	Pseudomonas	Paracoccus	2.0	4	2	Mid_vagina	Anterior_nares	Intertype	#18cde4	#8000ff	#cccccc	13.0	9.0	#dcd67a	#c6e789
347	Paracoccus	Pseudomonas	2.0	2	4	Anterior_nares	Mid_vagina	Intertype	#8000ff	#18cde4	#cccccc	13.0	9.0	#dcd67a	#c6e789
348	Psychrobacter	Alicycliphilus	1.0	1	1	Saliva	Buccal_mucosa	Intertype	#7effb5	#1996f3	#cccccc	4.0	4.0	#169bf2	#10c6e6
349	Alicycliphilus	Psychrobacter	1.0	1	1	Buccal_mucosa	Saliva	Intertype	#1996f3	#7effb5	#cccccc	4.0	4.0	#169bf2	#10c6e6
350	Psychrobacter	Brochothrix	1.0	1	1	Saliva	Saliva	Saliva	#7effb5	#7effb5	#7effb5	4.0	4.0	#169bf2	#10c6e6
351	Brochothrix	Psychrobacter	1.0	1	1	Saliva	Saliva	Saliva	#7effb5	#7effb5	#7effb5	4.0	4.0	#169bf2	#10c6e6
352	Psychrobacter	Bulleidia	1.0	1	1	Saliva	Throat	Intertype	#7effb5	#ff5029	#cccccc	4.0	4.0	#169bf2	#10c6e6
353	Bulleidia	Psychrobacter	1.0	1	1	Throat	Saliva	Intertype	#ff5029	#7effb5	#cccccc	4.0	4.0	#169bf2	#10c6e6
354	Psychrobacter	Centipeda	1.0	1	1	Saliva	Subgingival_plaque	Intertype	#7effb5	#e4cf74	#cccccc	4.0	4.0	#169bf2	#10c6e6
355	Centipeda	Psychrobacter	1.0	1	1	Subgingival_plaque	Saliva	Intertype	#e4cf74	#7effb5	#cccccc	4.0	4.0	#169bf2	#10c6e6
356	Psychrobacter	Comamonas	1.0	1	1	Saliva	Mid_vagina	Intertype	#7effb5	#18cde4	#cccccc	4.0	4.0	#169bf2	#10c6e6
357	Comamonas	Psychrobacter	1.0	1	1	Mid_vagina	Saliva	Intertype	#18cde4	#7effb5	#cccccc	4.0	4.0	#169bf2	#10c6e6
358	Psychrobacter	Elizabethkingia	1.0	1	1	Saliva	Buccal_mucosa	Intertype	#7effb5	#1996f3	#cccccc	4.0	4.0	#169bf2	#10c6e6
359	Elizabethkingia	Psychrobacter	1.0	1	1	Buccal_mucosa	Saliva	Intertype	#1996f3	#7effb5	#cccccc	4.0	4.0	#169bf2	#10c6e6
360	Psychrobacter	Leuconostoc	1.0	1	1	Saliva	Saliva	Saliva	#7effb5	#7effb5	#7effb5	4.0	4.0	#169bf2	#10c6e6
361	Leuconostoc	Psychrobacter	1.0	1	1	Saliva	Saliva	Saliva	#7effb5	#7effb5	#7effb5	4.0	4.0	#169bf2	#10c6e6
362	Psychrobacter	Mogibacterium	1.0	1	1	Saliva	Throat	Intertype	#7effb5	#ff5029	#cccccc	4.0	4.0	#169bf2	#10c6e6
363	Mogibacterium	Psychrobacter	1.0	1	1	Throat	Saliva	Intertype	#ff5029	#7effb5	#cccccc	4.0	4.0	#169bf2	#10c6e6
364	Psychrobacter	Mycobacterium	1.0	1	1	Saliva	Mid_vagina	Intertype	#7effb5	#18cde4	#cccccc	4.0	4.0	#169bf2	#10c6e6
365	Mycobacterium	Psychrobacter	1.0	1	1	Mid_vagina	Saliva	Intertype	#18cde4	#7effb5	#cccccc	4.0	4.0	#169bf2	#10c6e6
366	Psychrobacter	Olsenella	1.0	1	1	Saliva	Subgingival_plaque	Intertype	#7effb5	#e4cf74	#cccccc	4.0	4.0	#169bf2	#10c6e6
367	Olsenella	Psychrobacter	1.0	1	1	Subgingival_plaque	Saliva	Intertype	#e4cf74	#7effb5	#cccccc	4.0	4.0	#169bf2	#10c6e6
368	Riemerella	Avibacterium	2.0	3	2	Buccal_mucosa	Buccal_mucosa	Buccal_mucosa	#1996f3	#1996f3	#1996f3	5.0	5.0	#07bbea	#37e6d8
369	Avibacterium	Riemerella	2.0	2	3	Buccal_mucosa	Buccal_mucosa	Buccal_mucosa	#1996f3	#1996f3	#1996f3	5.0	5.0	#07bbea	#37e6d8
370	Riemerella	Basfia	2.0	3	2	Buccal_mucosa	Buccal_mucosa	Buccal_mucosa	#1996f3	#1996f3	#1996f3	5.0	5.0	#07bbea	#37e6d8
371	Basfia	Riemerella	2.0	2	3	Buccal_mucosa	Buccal_mucosa	Buccal_mucosa	#1996f3	#1996f3	#1996f3	5.0	5.0	#07bbea	#37e6d8
372	Riemerella	Chlamydia	2.0	3	3	Buccal_mucosa	Attached	Intertype	#1996f3	#4e4dfc	#cccccc	5.0	5.0	#07bbea	#37e6d8
373	Chlamydia	Riemerella	2.0	3	3	Attached	Buccal_mucosa	Intertype	#4e4dfc	#1996f3	#cccccc	5.0	5.0	#07bbea	#37e6d8
374	Riemerella	Chryseobacterium	3.0	3	4	Buccal_mucosa	Attached	Intertype	#1996f3	#4e4dfc	#cccccc	5.0	5.0	#07bbea	#37e6d8
375	Chryseobacterium	Riemerella	3.0	4	3	Attached	Buccal_mucosa	Intertype	#4e4dfc	#1996f3	#cccccc	5.0	5.0	#07bbea	#37e6d8
376	Riemerella	Dehalobacter	2.0	3	2	Buccal_mucosa	Buccal_mucosa	Buccal_mucosa	#1996f3	#1996f3	#1996f3	5.0	5.0	#07bbea	#37e6d8
377	Dehalobacter	Riemerella	2.0	2	3	Buccal_mucosa	Buccal_mucosa	Buccal_mucosa	#1996f3	#1996f3	#1996f3	5.0	5.0	#07bbea	#37e6d8
378	Riemerella	Echinicola	2.0	3	2	Buccal_mucosa	Buccal_mucosa	Buccal_mucosa	#1996f3	#1996f3	#1996f3	5.0	5.0	#07bbea	#37e6d8
379	Echinicola	Riemerella	2.0	2	3	Buccal_mucosa	Buccal_mucosa	Buccal_mucosa	#1996f3	#1996f3	#1996f3	5.0	5.0	#07bbea	#37e6d8
380	Riemerella	Enterococcus	2.0	3	2	Buccal_mucosa	Attached	Intertype	#1996f3	#4e4dfc	#cccccc	5.0	5.0	#07bbea	#37e6d8
381	Enterococcus	Riemerella	2.0	2	3	Attached	Buccal_mucosa	Intertype	#4e4dfc	#1996f3	#cccccc	5.0	5.0	#07bbea	#37e6d8
382	Riemerella	Histophilus	2.0	3	3	Buccal_mucosa	Buccal_mucosa	Buccal_mucosa	#1996f3	#1996f3	#1996f3	5.0	5.0	#07bbea	#37e6d8
383	Histophilus	Riemerella	2.0	3	3	Buccal_mucosa	Buccal_mucosa	Buccal_mucosa	#1996f3	#1996f3	#1996f3	5.0	5.0	#07bbea	#37e6d8
384	Riemerella	Johnsonella	2.0	3	3	Buccal_mucosa	Subgingival_plaque	Intertype	#1996f3	#e4cf74	#cccccc	5.0	5.0	#07bbea	#37e6d8
385	Johnsonella	Riemerella	2.0	3	3	Subgingival_plaque	Buccal_mucosa	Intertype	#e4cf74	#1996f3	#cccccc	5.0	5.0	#07bbea	#37e6d8
386	Riemerella	Mangrovimonas	2.0	3	2	Buccal_mucosa	Buccal_mucosa	Buccal_mucosa	#1996f3	#1996f3	#1996f3	5.0	5.0	#07bbea	#37e6d8
387	Mangrovimonas	Riemerella	2.0	2	3	Buccal_mucosa	Buccal_mucosa	Buccal_mucosa	#1996f3	#1996f3	#1996f3	5.0	5.0	#07bbea	#37e6d8
388	Riemerella	Necropsobacter	2.0	3	2	Buccal_mucosa	Buccal_mucosa	Buccal_mucosa	#1996f3	#1996f3	#1996f3	5.0	5.0	#07bbea	#37e6d8
389	Necropsobacter	Riemerella	2.0	2	3	Buccal_mucosa	Buccal_mucosa	Buccal_mucosa	#1996f3	#1996f3	#1996f3	5.0	5.0	#07bbea	#37e6d8
390	Ruminococcus	Escherichia	2.0	3	2	Stool	Stool	Stool	#b2f396	#b2f396	#b2f396	7.0	10.0	#3ae8d6	#ecc86f
391	Escherichia	Ruminococcus	2.0	2	3	Stool	Stool	Stool	#b2f396	#b2f396	#b2f396	7.0	10.0	#3ae8d6	#ecc86f
392	Sanguibacter	Acidovorax	5.0	6	5	Saliva	Anterior_nares	Intertype	#7effb5	#8000ff	#cccccc	15.0	1.0	#ff9d53	#5c38fd
393	Acidovorax	Sanguibacter	5.0	5	6	Anterior_nares	Saliva	Intertype	#8000ff	#7effb5	#cccccc	15.0	1.0	#ff9d53	#5c38fd
394	Sanguibacter	Actinomyces	4.0	6	8	Saliva	Supragingival_plaque	Intertype	#7effb5	#ff964f	#cccccc	15.0	1.0	#ff9d53	#5c38fd
395	Actinomyces	Sanguibacter	4.0	8	6	Supragingival_plaque	Saliva	Intertype	#ff964f	#7effb5	#cccccc	15.0	1.0	#ff9d53	#5c38fd
396	Sanguibacter	Capnocytophaga	4.0	6	8	Saliva	Supragingival_plaque	Intertype	#7effb5	#ff964f	#cccccc	15.0	1.0	#ff9d53	#5c38fd
397	Capnocytophaga	Sanguibacter	4.0	8	6	Supragingival_plaque	Saliva	Intertype	#ff964f	#7effb5	#cccccc	2.0	1.0	#4c50fc	#5c38fd
398	Sanguibacter	Eubacterium	5.0	6	6	Saliva	Subgingival_plaque	Intertype	#7effb5	#e4cf74	#cccccc	15.0	1.0	#ff9d53	#5c38fd
399	Eubacterium	Sanguibacter	5.0	6	6	Subgingival_plaque	Saliva	Intertype	#e4cf74	#7effb5	#cccccc	15.0	1.0	#ff9d53	#5c38fd
400	Sanguibacter	Oribacterium	4.0	6	8	Saliva	Saliva	Saliva	#7effb5	#7effb5	#7effb5	15.0	1.0	#ff9d53	#5c38fd
401	Oribacterium	Sanguibacter	4.0	8	6	Saliva	Saliva	Saliva	#7effb5	#7effb5	#7effb5	15.0	1.0	#ff9d53	#5c38fd
402	Sanguibacter	Parvimonas	5.0	6	6	Saliva	Throat	Intertype	#7effb5	#ff5029	#cccccc	15.0	1.0	#ff9d53	#5c38fd
403	Parvimonas	Sanguibacter	5.0	6	6	Throat	Saliva	Intertype	#ff5029	#7effb5	#cccccc	15.0	1.0	#ff9d53	#5c38fd
404	Scardovia	Ottowia	2.0	2	4	Supragingival_plaque	Subgingival_plaque	Intertype	#ff964f	#e4cf74	#cccccc	0.0	9.0	#8000ff	#c6e789
405	Ottowia	Scardovia	2.0	4	2	Subgingival_plaque	Supragingival_plaque	Intertype	#e4cf74	#ff964f	#cccccc	0.0	9.0	#8000ff	#c6e789
406	Serratia	Alicycliphilus	1.0	1	1	Saliva	Buccal_mucosa	Intertype	#7effb5	#1996f3	#cccccc	4.0	4.0	#169bf2	#10c6e6
407	Alicycliphilus	Serratia	1.0	1	1	Buccal_mucosa	Saliva	Intertype	#1996f3	#7effb5	#cccccc	4.0	4.0	#169bf2	#10c6e6
408	Serratia	Brochothrix	1.0	1	1	Saliva	Saliva	Saliva	#7effb5	#7effb5	#7effb5	4.0	4.0	#169bf2	#10c6e6
409	Brochothrix	Serratia	1.0	1	1	Saliva	Saliva	Saliva	#7effb5	#7effb5	#7effb5	4.0	4.0	#169bf2	#10c6e6
410	Serratia	Bulleidia	1.0	1	1	Saliva	Throat	Intertype	#7effb5	#ff5029	#cccccc	4.0	4.0	#169bf2	#10c6e6
411	Bulleidia	Serratia	1.0	1	1	Throat	Saliva	Intertype	#ff5029	#7effb5	#cccccc	4.0	4.0	#169bf2	#10c6e6
412	Serratia	Centipeda	1.0	1	1	Saliva	Subgingival_plaque	Intertype	#7effb5	#e4cf74	#cccccc	4.0	4.0	#169bf2	#10c6e6
413	Centipeda	Serratia	1.0	1	1	Subgingival_plaque	Saliva	Intertype	#e4cf74	#7effb5	#cccccc	4.0	4.0	#169bf2	#10c6e6
414	Serratia	Comamonas	1.0	1	1	Saliva	Mid_vagina	Intertype	#7effb5	#18cde4	#cccccc	4.0	4.0	#169bf2	#10c6e6
415	Comamonas	Serratia	1.0	1	1	Mid_vagina	Saliva	Intertype	#18cde4	#7effb5	#cccccc	4.0	4.0	#169bf2	#10c6e6
416	Serratia	Elizabethkingia	1.0	1	1	Saliva	Buccal_mucosa	Intertype	#7effb5	#1996f3	#cccccc	4.0	4.0	#169bf2	#10c6e6
417	Elizabethkingia	Serratia	1.0	1	1	Buccal_mucosa	Saliva	Intertype	#1996f3	#7effb5	#cccccc	4.0	4.0	#169bf2	#10c6e6
418	Serratia	Leuconostoc	1.0	1	1	Saliva	Saliva	Saliva	#7effb5	#7effb5	#7effb5	4.0	4.0	#169bf2	#10c6e6
419	Leuconostoc	Serratia	1.0	1	1	Saliva	Saliva	Saliva	#7effb5	#7effb5	#7effb5	4.0	4.0	#169bf2	#10c6e6
420	Serratia	Mogibacterium	1.0	1	1	Saliva	Throat	Intertype	#7effb5	#ff5029	#cccccc	4.0	4.0	#169bf2	#10c6e6
421	Mogibacterium	Serratia	1.0	1	1	Throat	Saliva	Intertype	#ff5029	#7effb5	#cccccc	4.0	4.0	#169bf2	#10c6e6
422	Serratia	Mycobacterium	1.0	1	1	Saliva	Mid_vagina	Intertype	#7effb5	#18cde4	#cccccc	4.0	4.0	#169bf2	#10c6e6
423	Mycobacterium	Serratia	1.0	1	1	Mid_vagina	Saliva	Intertype	#18cde4	#7effb5	#cccccc	4.0	4.0	#169bf2	#10c6e6
424	Serratia	Olsenella	1.0	1	1	Saliva	Subgingival_plaque	Intertype	#7effb5	#e4cf74	#cccccc	4.0	4.0	#169bf2	#10c6e6
425	Olsenella	Serratia	1.0	1	1	Subgingival_plaque	Saliva	Intertype	#e4cf74	#7effb5	#cccccc	4.0	4.0	#169bf2	#10c6e6
426	Serratia	Psychrobacter	1.0	1	1	Saliva	Saliva	Saliva	#7effb5	#7effb5	#7effb5	4.0	4.0	#169bf2	#10c6e6
427	Psychrobacter	Serratia	1.0	1	1	Saliva	Saliva	Saliva	#7effb5	#7effb5	#7effb5	4.0	4.0	#169bf2	#10c6e6
428	Simonsiella	Chryseobacterium	2.0	2	4	Attached	Attached	Attached	#4e4dfc	#4e4dfc	#4e4dfc	5.0	5.0	#07bbea	#37e6d8
429	Chryseobacterium	Simonsiella	2.0	4	2	Attached	Attached	Attached	#4e4dfc	#4e4dfc	#4e4dfc	5.0	5.0	#07bbea	#37e6d8
430	Simonsiella	Johnsonella	2.0	2	3	Attached	Subgingival_plaque	Intertype	#4e4dfc	#e4cf74	#cccccc	5.0	5.0	#07bbea	#37e6d8
431	Johnsonella	Simonsiella	2.0	3	2	Subgingival_plaque	Attached	Intertype	#e4cf74	#4e4dfc	#cccccc	5.0	5.0	#07bbea	#37e6d8
432	Slackia	Alicycliphilus	1.0	1	1	Throat	Buccal_mucosa	Intertype	#ff5029	#1996f3	#cccccc	4.0	4.0	#169bf2	#10c6e6
433	Alicycliphilus	Slackia	1.0	1	1	Buccal_mucosa	Throat	Intertype	#1996f3	#ff5029	#cccccc	4.0	4.0	#169bf2	#10c6e6
434	Slackia	Brochothrix	1.0	1	1	Throat	Saliva	Intertype	#ff5029	#7effb5	#cccccc	4.0	4.0	#169bf2	#10c6e6
435	Brochothrix	Slackia	1.0	1	1	Saliva	Throat	Intertype	#7effb5	#ff5029	#cccccc	4.0	4.0	#169bf2	#10c6e6
436	Slackia	Bulleidia	1.0	1	1	Throat	Throat	Throat	#ff5029	#ff5029	#ff5029	4.0	4.0	#169bf2	#10c6e6
437	Bulleidia	Slackia	1.0	1	1	Throat	Throat	Throat	#ff5029	#ff5029	#ff5029	4.0	4.0	#169bf2	#10c6e6
438	Slackia	Centipeda	1.0	1	1	Throat	Subgingival_plaque	Intertype	#ff5029	#e4cf74	#cccccc	4.0	4.0	#169bf2	#10c6e6
439	Centipeda	Slackia	1.0	1	1	Subgingival_plaque	Throat	Intertype	#e4cf74	#ff5029	#cccccc	4.0	4.0	#169bf2	#10c6e6
440	Slackia	Comamonas	1.0	1	1	Throat	Mid_vagina	Intertype	#ff5029	#18cde4	#cccccc	4.0	4.0	#169bf2	#10c6e6
441	Comamonas	Slackia	1.0	1	1	Mid_vagina	Throat	Intertype	#18cde4	#ff5029	#cccccc	4.0	4.0	#169bf2	#10c6e6
442	Slackia	Elizabethkingia	1.0	1	1	Throat	Buccal_mucosa	Intertype	#ff5029	#1996f3	#cccccc	4.0	4.0	#169bf2	#10c6e6
443	Elizabethkingia	Slackia	1.0	1	1	Buccal_mucosa	Throat	Intertype	#1996f3	#ff5029	#cccccc	4.0	4.0	#169bf2	#10c6e6
444	Slackia	Leuconostoc	1.0	1	1	Throat	Saliva	Intertype	#ff5029	#7effb5	#cccccc	4.0	4.0	#169bf2	#10c6e6
445	Leuconostoc	Slackia	1.0	1	1	Saliva	Throat	Intertype	#7effb5	#ff5029	#cccccc	4.0	4.0	#169bf2	#10c6e6
446	Slackia	Mogibacterium	1.0	1	1	Throat	Throat	Throat	#ff5029	#ff5029	#ff5029	4.0	4.0	#169bf2	#10c6e6
447	Mogibacterium	Slackia	1.0	1	1	Throat	Throat	Throat	#ff5029	#ff5029	#ff5029	4.0	4.0	#169bf2	#10c6e6
448	Slackia	Mycobacterium	1.0	1	1	Throat	Mid_vagina	Intertype	#ff5029	#18cde4	#cccccc	4.0	4.0	#169bf2	#10c6e6
449	Mycobacterium	Slackia	1.0	1	1	Mid_vagina	Throat	Intertype	#18cde4	#ff5029	#cccccc	4.0	4.0	#169bf2	#10c6e6
450	Slackia	Olsenella	1.0	1	1	Throat	Subgingival_plaque	Intertype	#ff5029	#e4cf74	#cccccc	4.0	4.0	#169bf2	#10c6e6
451	Olsenella	Slackia	1.0	1	1	Subgingival_plaque	Throat	Intertype	#e4cf74	#ff5029	#cccccc	4.0	4.0	#169bf2	#10c6e6
452	Slackia	Psychrobacter	1.0	1	1	Throat	Saliva	Intertype	#ff5029	#7effb5	#cccccc	4.0	4.0	#169bf2	#10c6e6
453	Psychrobacter	Slackia	1.0	1	1	Saliva	Throat	Intertype	#7effb5	#ff5029	#cccccc	4.0	4.0	#169bf2	#10c6e6
454	Slackia	Serratia	1.0	1	1	Throat	Saliva	Intertype	#ff5029	#7effb5	#cccccc	4.0	4.0	#169bf2	#10c6e6
455	Serratia	Slackia	1.0	1	1	Saliva	Throat	Intertype	#7effb5	#ff5029	#cccccc	4.0	4.0	#169bf2	#10c6e6
456	Sneathia	Alloprevotella	2.0	2	8	Posterior_fornix	Attached	Intertype	#4df3ce	#4e4dfc	#cccccc	5.0	5.0	#07bbea	#37e6d8
457	Alloprevotella	Sneathia	2.0	8	2	Attached	Posterior_fornix	Intertype	#4e4dfc	#4df3ce	#cccccc	5.0	5.0	#07bbea	#37e6d8
458	Sneathia	Bacillus	2.0	2	4	Posterior_fornix	Anterior_nares	Intertype	#4df3ce	#8000ff	#cccccc	5.0	5.0	#07bbea	#37e6d8
459	Bacillus	Sneathia	2.0	4	2	Anterior_nares	Posterior_fornix	Intertype	#8000ff	#4df3ce	#cccccc	16.0	5.0	#ff7b40	#37e6d8
460	Sneathia	Chlamydia	2.0	2	3	Posterior_fornix	Attached	Intertype	#4df3ce	#4e4dfc	#cccccc	5.0	5.0	#07bbea	#37e6d8
461	Chlamydia	Sneathia	2.0	3	2	Attached	Posterior_fornix	Intertype	#4e4dfc	#4df3ce	#cccccc	5.0	5.0	#07bbea	#37e6d8
462	Sneathia	Chryseobacterium	2.0	2	4	Posterior_fornix	Attached	Intertype	#4df3ce	#4e4dfc	#cccccc	5.0	5.0	#07bbea	#37e6d8
463	Chryseobacterium	Sneathia	2.0	4	2	Attached	Posterior_fornix	Intertype	#4e4dfc	#4df3ce	#cccccc	5.0	5.0	#07bbea	#37e6d8
464	Sneathia	Johnsonella	2.0	2	3	Posterior_fornix	Subgingival_plaque	Intertype	#4df3ce	#e4cf74	#cccccc	5.0	5.0	#07bbea	#37e6d8
465	Johnsonella	Sneathia	2.0	3	2	Subgingival_plaque	Posterior_fornix	Intertype	#e4cf74	#4df3ce	#cccccc	5.0	5.0	#07bbea	#37e6d8
466	Sneathia	Riemerella	2.0	2	3	Posterior_fornix	Buccal_mucosa	Intertype	#4df3ce	#1996f3	#cccccc	5.0	5.0	#07bbea	#37e6d8
467	Riemerella	Sneathia	2.0	3	2	Buccal_mucosa	Posterior_fornix	Intertype	#1996f3	#4df3ce	#cccccc	5.0	5.0	#07bbea	#37e6d8
468	Solobacterium	Parabacteroides	3.0	7	3	Tongue_dorsum	Stool	Intertype	#ff0000	#b2f396	#cccccc	9.0	0.0	#70febc	#8000ff
469	Parabacteroides	Solobacterium	3.0	3	7	Stool	Tongue_dorsum	Intertype	#b2f396	#ff0000	#cccccc	9.0	0.0	#70febc	#8000ff
470	Sphingomonas	Cellulomonas	1.0	1	1	Anterior_nares	Stool	Intertype	#8000ff	#b2f396	#cccccc	10.0	8.0	#8cfead	#a2f9a0
471	Cellulomonas	Sphingomonas	1.0	1	1	Stool	Anterior_nares	Intertype	#b2f396	#8000ff	#cccccc	10.0	8.0	#8cfead	#a2f9a0
472	Stenotrophomonas	Alicycliphilus	1.0	1	1	Anterior_nares	Buccal_mucosa	Intertype	#8000ff	#1996f3	#cccccc	4.0	4.0	#169bf2	#10c6e6
473	Alicycliphilus	Stenotrophomonas	1.0	1	1	Buccal_mucosa	Anterior_nares	Intertype	#1996f3	#8000ff	#cccccc	4.0	4.0	#169bf2	#10c6e6
474	Stenotrophomonas	Brochothrix	1.0	1	1	Anterior_nares	Saliva	Intertype	#8000ff	#7effb5	#cccccc	4.0	4.0	#169bf2	#10c6e6
475	Brochothrix	Stenotrophomonas	1.0	1	1	Saliva	Anterior_nares	Intertype	#7effb5	#8000ff	#cccccc	4.0	4.0	#169bf2	#10c6e6
476	Stenotrophomonas	Bulleidia	1.0	1	1	Anterior_nares	Throat	Intertype	#8000ff	#ff5029	#cccccc	4.0	4.0	#169bf2	#10c6e6
477	Bulleidia	Stenotrophomonas	1.0	1	1	Throat	Anterior_nares	Intertype	#ff5029	#8000ff	#cccccc	4.0	4.0	#169bf2	#10c6e6
478	Stenotrophomonas	Centipeda	1.0	1	1	Anterior_nares	Subgingival_plaque	Intertype	#8000ff	#e4cf74	#cccccc	4.0	4.0	#169bf2	#10c6e6
479	Centipeda	Stenotrophomonas	1.0	1	1	Subgingival_plaque	Anterior_nares	Intertype	#e4cf74	#8000ff	#cccccc	4.0	4.0	#169bf2	#10c6e6
480	Stenotrophomonas	Comamonas	1.0	1	1	Anterior_nares	Mid_vagina	Intertype	#8000ff	#18cde4	#cccccc	4.0	4.0	#169bf2	#10c6e6
481	Comamonas	Stenotrophomonas	1.0	1	1	Mid_vagina	Anterior_nares	Intertype	#18cde4	#8000ff	#cccccc	4.0	4.0	#169bf2	#10c6e6
482	Stenotrophomonas	Elizabethkingia	1.0	1	1	Anterior_nares	Buccal_mucosa	Intertype	#8000ff	#1996f3	#cccccc	4.0	4.0	#169bf2	#10c6e6
483	Elizabethkingia	Stenotrophomonas	1.0	1	1	Buccal_mucosa	Anterior_nares	Intertype	#1996f3	#8000ff	#cccccc	4.0	4.0	#169bf2	#10c6e6
484	Stenotrophomonas	Leuconostoc	1.0	1	1	Anterior_nares	Saliva	Intertype	#8000ff	#7effb5	#cccccc	4.0	4.0	#169bf2	#10c6e6
485	Leuconostoc	Stenotrophomonas	1.0	1	1	Saliva	Anterior_nares	Intertype	#7effb5	#8000ff	#cccccc	4.0	4.0	#169bf2	#10c6e6
486	Stenotrophomonas	Mogibacterium	1.0	1	1	Anterior_nares	Throat	Intertype	#8000ff	#ff5029	#cccccc	4.0	4.0	#169bf2	#10c6e6
487	Mogibacterium	Stenotrophomonas	1.0	1	1	Throat	Anterior_nares	Intertype	#ff5029	#8000ff	#cccccc	4.0	4.0	#169bf2	#10c6e6
488	Stenotrophomonas	Mycobacterium	1.0	1	1	Anterior_nares	Mid_vagina	Intertype	#8000ff	#18cde4	#cccccc	4.0	4.0	#169bf2	#10c6e6
489	Mycobacterium	Stenotrophomonas	1.0	1	1	Mid_vagina	Anterior_nares	Intertype	#18cde4	#8000ff	#cccccc	4.0	4.0	#169bf2	#10c6e6
490	Stenotrophomonas	Olsenella	1.0	1	1	Anterior_nares	Subgingival_plaque	Intertype	#8000ff	#e4cf74	#cccccc	4.0	4.0	#169bf2	#10c6e6
491	Olsenella	Stenotrophomonas	1.0	1	1	Subgingival_plaque	Anterior_nares	Intertype	#e4cf74	#8000ff	#cccccc	4.0	4.0	#169bf2	#10c6e6
492	Stenotrophomonas	Psychrobacter	1.0	1	1	Anterior_nares	Saliva	Intertype	#8000ff	#7effb5	#cccccc	4.0	4.0	#169bf2	#10c6e6
493	Psychrobacter	Stenotrophomonas	1.0	1	1	Saliva	Anterior_nares	Intertype	#7effb5	#8000ff	#cccccc	4.0	4.0	#169bf2	#10c6e6
494	Stenotrophomonas	Serratia	1.0	1	1	Anterior_nares	Saliva	Intertype	#8000ff	#7effb5	#cccccc	4.0	4.0	#169bf2	#10c6e6
495	Serratia	Stenotrophomonas	1.0	1	1	Saliva	Anterior_nares	Intertype	#7effb5	#8000ff	#cccccc	4.0	4.0	#169bf2	#10c6e6
496	Stenotrophomonas	Slackia	1.0	1	1	Anterior_nares	Throat	Intertype	#8000ff	#ff5029	#cccccc	4.0	4.0	#169bf2	#10c6e6
497	Slackia	Stenotrophomonas	1.0	1	1	Throat	Anterior_nares	Intertype	#ff5029	#8000ff	#cccccc	4.0	4.0	#169bf2	#10c6e6
498	Stomatobaculum	Campylobacter	5.0	8	8	Saliva	Saliva	Saliva	#7effb5	#7effb5	#7effb5	17.0	0.0	#ff532a	#8000ff
499	Campylobacter	Stomatobaculum	5.0	8	8	Saliva	Saliva	Saliva	#7effb5	#7effb5	#7effb5	9.0	0.0	#70febc	#8000ff
500	Stomatobaculum	Lachnoanaerobaculum	5.0	8	8	Saliva	Tongue_dorsum	Intertype	#7effb5	#ff0000	#cccccc	17.0	0.0	#ff532a	#8000ff
501	Lachnoanaerobaculum	Stomatobaculum	5.0	8	8	Tongue_dorsum	Saliva	Intertype	#ff0000	#7effb5	#cccccc	19.0	0.0	#ff0000	#8000ff
502	Stomatobaculum	Rothia	5.0	8	8	Saliva	Buccal_mucosa	Intertype	#7effb5	#1996f3	#cccccc	17.0	0.0	#ff532a	#8000ff
503	Rothia	Stomatobaculum	5.0	8	8	Buccal_mucosa	Saliva	Intertype	#1996f3	#7effb5	#cccccc	17.0	0.0	#ff532a	#8000ff
504	Streptobacillus	Alloprevotella	2.0	2	8	Buccal_mucosa	Attached	Intertype	#1996f3	#4e4dfc	#cccccc	5.0	5.0	#07bbea	#37e6d8
505	Alloprevotella	Streptobacillus	2.0	8	2	Attached	Buccal_mucosa	Intertype	#4e4dfc	#1996f3	#cccccc	5.0	5.0	#07bbea	#37e6d8
506	Streptobacillus	Bacillus	2.0	2	4	Buccal_mucosa	Anterior_nares	Intertype	#1996f3	#8000ff	#cccccc	5.0	5.0	#07bbea	#37e6d8
507	Bacillus	Streptobacillus	2.0	4	2	Anterior_nares	Buccal_mucosa	Intertype	#8000ff	#1996f3	#cccccc	16.0	5.0	#ff7b40	#37e6d8
508	Streptobacillus	Chlamydia	2.0	2	3	Buccal_mucosa	Attached	Intertype	#1996f3	#4e4dfc	#cccccc	5.0	5.0	#07bbea	#37e6d8
509	Chlamydia	Streptobacillus	2.0	3	2	Attached	Buccal_mucosa	Intertype	#4e4dfc	#1996f3	#cccccc	5.0	5.0	#07bbea	#37e6d8
510	Streptobacillus	Chryseobacterium	2.0	2	4	Buccal_mucosa	Attached	Intertype	#1996f3	#4e4dfc	#cccccc	5.0	5.0	#07bbea	#37e6d8
511	Chryseobacterium	Streptobacillus	2.0	4	2	Attached	Buccal_mucosa	Intertype	#4e4dfc	#1996f3	#cccccc	5.0	5.0	#07bbea	#37e6d8
512	Streptobacillus	Johnsonella	2.0	2	3	Buccal_mucosa	Subgingival_plaque	Intertype	#1996f3	#e4cf74	#cccccc	5.0	5.0	#07bbea	#37e6d8
513	Johnsonella	Streptobacillus	2.0	3	2	Subgingival_plaque	Buccal_mucosa	Intertype	#e4cf74	#1996f3	#cccccc	5.0	5.0	#07bbea	#37e6d8
514	Streptobacillus	Riemerella	2.0	2	3	Buccal_mucosa	Buccal_mucosa	Buccal_mucosa	#1996f3	#1996f3	#1996f3	5.0	5.0	#07bbea	#37e6d8
515	Riemerella	Streptobacillus	2.0	3	2	Buccal_mucosa	Buccal_mucosa	Buccal_mucosa	#1996f3	#1996f3	#1996f3	5.0	5.0	#07bbea	#37e6d8
516	Subdoligranulum	Proteiniphilum	1.0	1	1	Stool	Buccal_mucosa	Intertype	#b2f396	#1996f3	#cccccc	14.0	14.0	#f6be68	#ff0000
517	Proteiniphilum	Subdoligranulum	1.0	1	1	Buccal_mucosa	Stool	Intertype	#1996f3	#b2f396	#cccccc	14.0	14.0	#f6be68	#ff0000
518	Tannerella	Lachnoanaerobaculum	4.0	4	8	Subgingival_plaque	Tongue_dorsum	Intertype	#e4cf74	#ff0000	#cccccc	19.0	0.0	#ff0000	#8000ff
519	Lachnoanaerobaculum	Tannerella	4.0	8	4	Tongue_dorsum	Subgingival_plaque	Intertype	#ff0000	#e4cf74	#cccccc	19.0	0.0	#ff0000	#8000ff
520	Thermus	Akkermansia	1.0	1	1	Buccal_mucosa	Stool	Intertype	#1996f3	#b2f396	#cccccc	12.0	3.0	#c2ea8c	#149df1
521	Akkermansia	Thermus	1.0	1	1	Stool	Buccal_mucosa	Intertype	#b2f396	#1996f3	#cccccc	12.0	3.0	#c2ea8c	#149df1
522	Thermus	Alistipes	1.0	1	4	Buccal_mucosa	Stool	Intertype	#1996f3	#b2f396	#cccccc	12.0	3.0	#c2ea8c	#149df1
523	Alistipes	Thermus	1.0	4	1	Stool	Buccal_mucosa	Intertype	#b2f396	#1996f3	#cccccc	12.0	3.0	#c2ea8c	#149df1
524	Thermus	Butyrivibrio	1.0	1	1	Buccal_mucosa	Stool	Intertype	#1996f3	#b2f396	#cccccc	12.0	3.0	#c2ea8c	#149df1
525	Butyrivibrio	Thermus	1.0	1	1	Stool	Buccal_mucosa	Intertype	#b2f396	#1996f3	#cccccc	12.0	3.0	#c2ea8c	#149df1
526	Thermus	Coprococcus	1.0	1	1	Buccal_mucosa	Stool	Intertype	#1996f3	#b2f396	#cccccc	12.0	3.0	#c2ea8c	#149df1
527	Coprococcus	Thermus	1.0	1	1	Stool	Buccal_mucosa	Intertype	#b2f396	#1996f3	#cccccc	12.0	3.0	#c2ea8c	#149df1
528	Thermus	Cryptobacterium	1.0	1	1	Buccal_mucosa	Supragingival_plaque	Intertype	#1996f3	#ff964f	#cccccc	12.0	3.0	#c2ea8c	#149df1
529	Cryptobacterium	Thermus	1.0	1	1	Supragingival_plaque	Buccal_mucosa	Intertype	#ff964f	#1996f3	#cccccc	12.0	3.0	#c2ea8c	#149df1
530	Thermus	Dorea	1.0	1	1	Buccal_mucosa	Stool	Intertype	#1996f3	#b2f396	#cccccc	12.0	3.0	#c2ea8c	#149df1
531	Dorea	Thermus	1.0	1	1	Stool	Buccal_mucosa	Intertype	#b2f396	#1996f3	#cccccc	12.0	3.0	#c2ea8c	#149df1
532	Thermus	Intestinimonas	1.0	1	1	Buccal_mucosa	Stool	Intertype	#1996f3	#b2f396	#cccccc	12.0	3.0	#c2ea8c	#149df1
533	Intestinimonas	Thermus	1.0	1	1	Stool	Buccal_mucosa	Intertype	#b2f396	#1996f3	#cccccc	12.0	3.0	#c2ea8c	#149df1
534	Thermus	Mycoplasma	1.0	1	1	Buccal_mucosa	Subgingival_plaque	Intertype	#1996f3	#e4cf74	#cccccc	12.0	3.0	#c2ea8c	#149df1
535	Mycoplasma	Thermus	1.0	1	1	Subgingival_plaque	Buccal_mucosa	Intertype	#e4cf74	#1996f3	#cccccc	12.0	3.0	#c2ea8c	#149df1
536	Thermus	Odoribacter	1.0	1	2	Buccal_mucosa	Stool	Intertype	#1996f3	#b2f396	#cccccc	12.0	3.0	#c2ea8c	#149df1
537	Odoribacter	Thermus	1.0	2	1	Stool	Buccal_mucosa	Intertype	#b2f396	#1996f3	#cccccc	12.0	3.0	#c2ea8c	#149df1
538	Thermus	Oscillibacter	1.0	1	1	Buccal_mucosa	Stool	Intertype	#1996f3	#b2f396	#cccccc	12.0	3.0	#c2ea8c	#149df1
539	Oscillibacter	Thermus	1.0	1	1	Stool	Buccal_mucosa	Intertype	#b2f396	#1996f3	#cccccc	12.0	3.0	#c2ea8c	#149df1
540	Thermus	Oxalobacter	1.0	1	1	Buccal_mucosa	Stool	Intertype	#1996f3	#b2f396	#cccccc	12.0	3.0	#c2ea8c	#149df1
541	Oxalobacter	Thermus	1.0	1	1	Stool	Buccal_mucosa	Intertype	#b2f396	#1996f3	#cccccc	12.0	3.0	#c2ea8c	#149df1
542	Treponema	Corynebacterium	2.0	8	8	Subgingival_plaque	Supragingival_plaque	Intertype	#e4cf74	#ff964f	#cccccc	0.0	9.0	#8000ff	#c6e789
543	Corynebacterium	Treponema	2.0	8	8	Supragingival_plaque	Subgingival_plaque	Intertype	#ff964f	#e4cf74	#cccccc	16.0	9.0	#ff7b40	#c6e789
544	Treponema	Ottowia	2.0	8	4	Subgingival_plaque	Subgingival_plaque	Subgingival_plaque	#e4cf74	#e4cf74	#e4cf74	0.0	9.0	#8000ff	#c6e789
545	Ottowia	Treponema	2.0	4	8	Subgingival_plaque	Subgingival_plaque	Subgingival_plaque	#e4cf74	#e4cf74	#e4cf74	0.0	9.0	#8000ff	#c6e789
546	Veillonella	Gemella	5.0	8	8	Attached	Buccal_mucosa	Intertype	#4e4dfc	#1996f3	#cccccc	14.0	11.0	#f6be68	#ffa055
547	Gemella	Veillonella	5.0	8	8	Buccal_mucosa	Attached	Intertype	#1996f3	#4e4dfc	#cccccc	14.0	11.0	#f6be68	#ffa055
548	Vibrio	Avibacterium	2.0	3	2	Anterior_nares	Buccal_mucosa	Intertype	#8000ff	#1996f3	#cccccc	5.0	5.0	#07bbea	#37e6d8
549	Avibacterium	Vibrio	2.0	2	3	Buccal_mucosa	Anterior_nares	Intertype	#1996f3	#8000ff	#cccccc	5.0	5.0	#07bbea	#37e6d8
550	Vibrio	Basfia	2.0	3	2	Anterior_nares	Buccal_mucosa	Intertype	#8000ff	#1996f3	#cccccc	5.0	5.0	#07bbea	#37e6d8
551	Basfia	Vibrio	2.0	2	3	Buccal_mucosa	Anterior_nares	Intertype	#1996f3	#8000ff	#cccccc	5.0	5.0	#07bbea	#37e6d8
552	Vibrio	Chlamydia	2.0	3	3	Anterior_nares	Attached	Intertype	#8000ff	#4e4dfc	#cccccc	5.0	5.0	#07bbea	#37e6d8
553	Chlamydia	Vibrio	2.0	3	3	Attached	Anterior_nares	Intertype	#4e4dfc	#8000ff	#cccccc	5.0	5.0	#07bbea	#37e6d8
554	Vibrio	Chryseobacterium	3.0	3	4	Anterior_nares	Attached	Intertype	#8000ff	#4e4dfc	#cccccc	5.0	5.0	#07bbea	#37e6d8
555	Chryseobacterium	Vibrio	3.0	4	3	Attached	Anterior_nares	Intertype	#4e4dfc	#8000ff	#cccccc	5.0	5.0	#07bbea	#37e6d8
556	Vibrio	Dehalobacter	2.0	3	2	Anterior_nares	Buccal_mucosa	Intertype	#8000ff	#1996f3	#cccccc	5.0	5.0	#07bbea	#37e6d8
557	Dehalobacter	Vibrio	2.0	2	3	Buccal_mucosa	Anterior_nares	Intertype	#1996f3	#8000ff	#cccccc	5.0	5.0	#07bbea	#37e6d8
558	Vibrio	Echinicola	2.0	3	2	Anterior_nares	Buccal_mucosa	Intertype	#8000ff	#1996f3	#cccccc	5.0	5.0	#07bbea	#37e6d8
559	Echinicola	Vibrio	2.0	2	3	Buccal_mucosa	Anterior_nares	Intertype	#1996f3	#8000ff	#cccccc	5.0	5.0	#07bbea	#37e6d8
560	Vibrio	Enterococcus	2.0	3	2	Anterior_nares	Attached	Intertype	#8000ff	#4e4dfc	#cccccc	5.0	5.0	#07bbea	#37e6d8
561	Enterococcus	Vibrio	2.0	2	3	Attached	Anterior_nares	Intertype	#4e4dfc	#8000ff	#cccccc	5.0	5.0	#07bbea	#37e6d8
562	Vibrio	Histophilus	2.0	3	3	Anterior_nares	Buccal_mucosa	Intertype	#8000ff	#1996f3	#cccccc	5.0	5.0	#07bbea	#37e6d8
563	Histophilus	Vibrio	2.0	3	3	Buccal_mucosa	Anterior_nares	Intertype	#1996f3	#8000ff	#cccccc	5.0	5.0	#07bbea	#37e6d8
564	Vibrio	Johnsonella	2.0	3	3	Anterior_nares	Subgingival_plaque	Intertype	#8000ff	#e4cf74	#cccccc	5.0	5.0	#07bbea	#37e6d8
565	Johnsonella	Vibrio	2.0	3	3	Subgingival_plaque	Anterior_nares	Intertype	#e4cf74	#8000ff	#cccccc	5.0	5.0	#07bbea	#37e6d8
566	Vibrio	Mangrovimonas	2.0	3	2	Anterior_nares	Buccal_mucosa	Intertype	#8000ff	#1996f3	#cccccc	5.0	5.0	#07bbea	#37e6d8
567	Mangrovimonas	Vibrio	2.0	2	3	Buccal_mucosa	Anterior_nares	Intertype	#1996f3	#8000ff	#cccccc	5.0	5.0	#07bbea	#37e6d8
568	Vibrio	Necropsobacter	2.0	3	2	Anterior_nares	Buccal_mucosa	Intertype	#8000ff	#1996f3	#cccccc	5.0	5.0	#07bbea	#37e6d8
569	Necropsobacter	Vibrio	2.0	2	3	Buccal_mucosa	Anterior_nares	Intertype	#1996f3	#8000ff	#cccccc	5.0	5.0	#07bbea	#37e6d8
570	Vibrio	Riemerella	3.0	3	3	Anterior_nares	Buccal_mucosa	Intertype	#8000ff	#1996f3	#cccccc	5.0	5.0	#07bbea	#37e6d8
571	Riemerella	Vibrio	3.0	3	3	Buccal_mucosa	Anterior_nares	Intertype	#1996f3	#8000ff	#cccccc	5.0	5.0	#07bbea	#37e6d8
572	Vibrio	Sneathia	2.0	3	2	Anterior_nares	Posterior_fornix	Intertype	#8000ff	#4df3ce	#cccccc	5.0	5.0	#07bbea	#37e6d8
573	Sneathia	Vibrio	2.0	2	3	Posterior_fornix	Anterior_nares	Intertype	#4df3ce	#8000ff	#cccccc	5.0	5.0	#07bbea	#37e6d8
574	Vibrio	Streptobacillus	2.0	3	2	Anterior_nares	Buccal_mucosa	Intertype	#8000ff	#1996f3	#cccccc	5.0	5.0	#07bbea	#37e6d8
575	Streptobacillus	Vibrio	2.0	2	3	Buccal_mucosa	Anterior_nares	Intertype	#1996f3	#8000ff	#cccccc	5.0	5.0	#07bbea	#37e6d8
