	source	target	weight	edge_sample	edcolor
0	Acidaminococcus	Acholeplasma	0.809547547485	Stool	#b2f396
1	Acholeplasma	Acidaminococcus	0.809547547485	Stool	#b2f396
2	Aliterella	Acinetobacter	0.996168686298	Anterior_nares	#8000ff
3	Acinetobacter	Aliterella	0.996168686298	Anterior_nares	#8000ff
4	Anaerotruncus	Acetivibrio	0.880590415103	Stool	#b2f396
5	Acetivibrio	Anaerotruncus	0.880590415103	Stool	#b2f396
6	Arthrobacter	Acinetobacter	0.996168686298	Anterior_nares	#8000ff
7	Acinetobacter	Arthrobacter	0.996168686298	Anterior_nares	#8000ff
8	Arthrobacter	Aliterella	1.0	Anterior_nares	#8000ff
9	Aliterella	Arthrobacter	1.0	Anterior_nares	#8000ff
10	Atopobacter	Amphibacillus	1.0	Anterior_nares	#8000ff
11	Amphibacillus	Atopobacter	1.0	Anterior_nares	#8000ff
12	Aureimonas	Arcanobacterium	0.969911300836	Anterior_nares	#8000ff
13	Arcanobacterium	Aureimonas	0.969911300836	Anterior_nares	#8000ff
14	Avibacterium	Actinobacillus	0.82678604747	Buccal_mucosa	#1996f3
15	Actinobacillus	Avibacterium	0.82678604747	Buccal_mucosa	#1996f3
16	Azohydromonas	Acinetobacter	0.996168686298	Anterior_nares	#8000ff
17	Acinetobacter	Azohydromonas	0.996168686298	Anterior_nares	#8000ff
18	Azohydromonas	Aliterella	1.0	Anterior_nares	#8000ff
19	Aliterella	Azohydromonas	1.0	Anterior_nares	#8000ff
20	Azohydromonas	Arthrobacter	1.0	Anterior_nares	#8000ff
21	Arthrobacter	Azohydromonas	1.0	Anterior_nares	#8000ff
22	Basfia	Actinobacillus	0.988872788788	Buccal_mucosa	#1996f3
23	Actinobacillus	Basfia	0.988872788788	Buccal_mucosa	#1996f3
24	Basfia	Avibacterium	0.809547547485	Buccal_mucosa	#1996f3
25	Avibacterium	Basfia	0.809547547485	Buccal_mucosa	#1996f3
26	Bibersteinia	Actinobacillus	0.936541083794	Buccal_mucosa	#1996f3
27	Actinobacillus	Bibersteinia	0.936541083794	Buccal_mucosa	#1996f3
28	Bibersteinia	Basfia	0.947079436721	Buccal_mucosa	#1996f3
29	Basfia	Bibersteinia	0.947079436721	Buccal_mucosa	#1996f3
30	Bradyrhizobium	Afipia	0.947169800914	Throat	#ff5029
31	Afipia	Bradyrhizobium	0.947169800914	Throat	#ff5029
32	Brevibacterium	Aerococcus	0.999888764849	Posterior_fornix	#4df3ce
33	Aerococcus	Brevibacterium	0.999888764849	Posterior_fornix	#4df3ce
34	Burkholderia	Aerococcus	0.999888764849	Posterior_fornix	#4df3ce
35	Aerococcus	Burkholderia	0.999888764849	Posterior_fornix	#4df3ce
36	Burkholderia	Brevibacterium	1.0	Posterior_fornix	#4df3ce
37	Brevibacterium	Burkholderia	1.0	Posterior_fornix	#4df3ce
38	Calothrix	Amphibacillus	0.948165574861	Anterior_nares	#8000ff
39	Amphibacillus	Calothrix	0.948165574861	Anterior_nares	#8000ff
40	Calothrix	Atopobacter	0.948165574861	Anterior_nares	#8000ff
41	Atopobacter	Calothrix	0.948165574861	Anterior_nares	#8000ff
42	Citrobacter	Afipia	0.947169800914	Throat	#ff5029
43	Afipia	Citrobacter	0.947169800914	Throat	#ff5029
44	Citrobacter	Bradyrhizobium	1.0	Throat	#ff5029
45	Bradyrhizobium	Citrobacter	1.0	Throat	#ff5029
46	Conchiformibius	Afipia	0.8417945435899999	Throat	#ff5029
47	Afipia	Conchiformibius	0.8417945435899999	Throat	#ff5029
48	Conchiformibius	Bradyrhizobium	0.8929465849670001	Throat	#ff5029
49	Bradyrhizobium	Conchiformibius	0.8929465849670001	Throat	#ff5029
50	Conchiformibius	Citrobacter	0.8929465849670001	Throat	#ff5029
51	Citrobacter	Conchiformibius	0.8929465849670001	Throat	#ff5029
52	Crocosphaera	Arcanobacterium	0.969911300836	Anterior_nares	#8000ff
53	Arcanobacterium	Crocosphaera	0.969911300836	Anterior_nares	#8000ff
54	Crocosphaera	Aureimonas	1.0	Anterior_nares	#8000ff
55	Aureimonas	Crocosphaera	1.0	Anterior_nares	#8000ff
56	Dechloromonas	Alicycliphilus	0.993862917052	Buccal_mucosa	#1996f3
57	Alicycliphilus	Dechloromonas	0.993862917052	Buccal_mucosa	#1996f3
58	Dehalobacter	Actinobacillus	0.988872788788	Buccal_mucosa	#1996f3
59	Actinobacillus	Dehalobacter	0.988872788788	Buccal_mucosa	#1996f3
60	Dehalobacter	Avibacterium	0.809547547485	Buccal_mucosa	#1996f3
61	Avibacterium	Dehalobacter	0.809547547485	Buccal_mucosa	#1996f3
62	Dehalobacter	Basfia	1.0	Buccal_mucosa	#1996f3
63	Basfia	Dehalobacter	1.0	Buccal_mucosa	#1996f3
64	Dehalobacter	Bibersteinia	0.947079436721	Buccal_mucosa	#1996f3
65	Bibersteinia	Dehalobacter	0.947079436721	Buccal_mucosa	#1996f3
66	Delftia	Acinetobacter	0.996168686298	Anterior_nares	#8000ff
67	Acinetobacter	Delftia	0.996168686298	Anterior_nares	#8000ff
68	Delftia	Aliterella	1.0	Anterior_nares	#8000ff
69	Aliterella	Delftia	1.0	Anterior_nares	#8000ff
70	Delftia	Arthrobacter	1.0	Anterior_nares	#8000ff
71	Arthrobacter	Delftia	1.0	Anterior_nares	#8000ff
72	Delftia	Azohydromonas	1.0	Anterior_nares	#8000ff
73	Azohydromonas	Delftia	1.0	Anterior_nares	#8000ff
74	Desulfotomaculum	Anaerofustis	1.0	Stool	#b2f396
75	Anaerofustis	Desulfotomaculum	1.0	Stool	#b2f396
76	Desulfovibrio	Anaerofustis	0.997680793211	Stool	#b2f396
77	Anaerofustis	Desulfovibrio	0.997680793211	Stool	#b2f396
78	Desulfovibrio	Desulfotomaculum	0.997680793211	Stool	#b2f396
79	Desulfotomaculum	Desulfovibrio	0.997680793211	Stool	#b2f396
80	Echinicola	Actinobacillus	0.988872788788	Buccal_mucosa	#1996f3
81	Actinobacillus	Echinicola	0.988872788788	Buccal_mucosa	#1996f3
82	Echinicola	Avibacterium	0.809547547485	Buccal_mucosa	#1996f3
83	Avibacterium	Echinicola	0.809547547485	Buccal_mucosa	#1996f3
84	Echinicola	Basfia	1.0	Buccal_mucosa	#1996f3
85	Basfia	Echinicola	1.0	Buccal_mucosa	#1996f3
86	Echinicola	Bibersteinia	0.947079436721	Buccal_mucosa	#1996f3
87	Bibersteinia	Echinicola	0.947079436721	Buccal_mucosa	#1996f3
88	Echinicola	Dehalobacter	1.0	Buccal_mucosa	#1996f3
89	Dehalobacter	Echinicola	1.0	Buccal_mucosa	#1996f3
90	Eggerthella	Catabacter	0.942842332274	Stool	#b2f396
91	Catabacter	Eggerthella	0.942842332274	Stool	#b2f396
92	Elizabethkingia	Alicycliphilus	1.0	Buccal_mucosa	#1996f3
93	Alicycliphilus	Elizabethkingia	1.0	Buccal_mucosa	#1996f3
94	Elizabethkingia	Dechloromonas	0.993862917052	Buccal_mucosa	#1996f3
95	Dechloromonas	Elizabethkingia	0.993862917052	Buccal_mucosa	#1996f3
96	Enhydrobacter	Bosea	0.992248103726	Posterior_fornix	#4df3ce
97	Bosea	Enhydrobacter	0.992248103726	Posterior_fornix	#4df3ce
98	Enterorhabdus	Cellulomonas	0.951486712417	Stool	#b2f396
99	Cellulomonas	Enterorhabdus	0.951486712417	Stool	#b2f396
100	Erysipelatoclostridium	Catabacter	0.977474511276	Stool	#b2f396
101	Catabacter	Erysipelatoclostridium	0.977474511276	Stool	#b2f396
102	Erysipelatoclostridium	Eggerthella	0.953163192239	Stool	#b2f396
103	Eggerthella	Erysipelatoclostridium	0.953163192239	Stool	#b2f396
104	Escherichia	Enterorhabdus	0.99926311244	Stool	#b2f396
105	Enterorhabdus	Escherichia	0.99926311244	Stool	#b2f396
106	Exiguobacterium	Arcanobacterium	0.950147119473	Anterior_nares	#8000ff
107	Arcanobacterium	Exiguobacterium	0.950147119473	Anterior_nares	#8000ff
108	Exiguobacterium	Aureimonas	0.980459624497	Anterior_nares	#8000ff
109	Aureimonas	Exiguobacterium	0.980459624497	Anterior_nares	#8000ff
110	Exiguobacterium	Crocosphaera	0.980459624497	Anterior_nares	#8000ff
111	Crocosphaera	Exiguobacterium	0.980459624497	Anterior_nares	#8000ff
112	Facklamia	Brevibacterium	0.904124250573	Posterior_fornix	#4df3ce
113	Brevibacterium	Facklamia	0.904124250573	Posterior_fornix	#4df3ce
114	Facklamia	Burkholderia	0.904124250573	Posterior_fornix	#4df3ce
115	Burkholderia	Facklamia	0.904124250573	Posterior_fornix	#4df3ce
116	Faecalicoccus	Catabacter	1.0	Stool	#b2f396
117	Catabacter	Faecalicoccus	1.0	Stool	#b2f396
118	Faecalicoccus	Eggerthella	0.942842332274	Stool	#b2f396
119	Eggerthella	Faecalicoccus	0.942842332274	Stool	#b2f396
120	Faecalicoccus	Erysipelatoclostridium	0.977474511276	Stool	#b2f396
121	Erysipelatoclostridium	Faecalicoccus	0.977474511276	Stool	#b2f396
122	Faecalitalea	Anaerotruncus	0.832613092322	Stool	#b2f396
123	Anaerotruncus	Faecalitalea	0.832613092322	Stool	#b2f396
124	Faecalitalea	Butyricicoccus	0.8847077246539999	Stool	#b2f396
125	Butyricicoccus	Faecalitalea	0.8847077246539999	Stool	#b2f396
126	Fenollaria	Bosea	1.0	Posterior_fornix	#4df3ce
127	Bosea	Fenollaria	1.0	Posterior_fornix	#4df3ce
128	Fenollaria	Enhydrobacter	0.992248103726	Posterior_fornix	#4df3ce
129	Enhydrobacter	Fenollaria	0.992248103726	Posterior_fornix	#4df3ce
130	Flavobacterium	Afipia	0.947169800914	Throat	#ff5029
131	Afipia	Flavobacterium	0.947169800914	Throat	#ff5029
132	Flavobacterium	Bradyrhizobium	1.0	Throat	#ff5029
133	Bradyrhizobium	Flavobacterium	1.0	Throat	#ff5029
134	Flavobacterium	Citrobacter	1.0	Throat	#ff5029
135	Citrobacter	Flavobacterium	1.0	Throat	#ff5029
136	Flavobacterium	Conchiformibius	0.8929465849670001	Throat	#ff5029
137	Conchiformibius	Flavobacterium	0.8929465849670001	Throat	#ff5029
138	Gallibacterium	Actinobacillus	0.905556844149	Intertype	#cccccc
139	Actinobacillus	Gallibacterium	0.905556844149	Intertype	#cccccc
140	Gallibacterium	Avibacterium	0.858527207209	Intertype	#cccccc
141	Avibacterium	Gallibacterium	0.858527207209	Intertype	#cccccc
142	Gallibacterium	Basfia	0.880966552491	Intertype	#cccccc
143	Basfia	Gallibacterium	0.880966552491	Intertype	#cccccc
144	Gallibacterium	Bibersteinia	0.8930478019020001	Intertype	#cccccc
145	Bibersteinia	Gallibacterium	0.8930478019020001	Intertype	#cccccc
146	Gallibacterium	Dehalobacter	0.880966552491	Intertype	#cccccc
147	Dehalobacter	Gallibacterium	0.880966552491	Intertype	#cccccc
148	Gallibacterium	Echinicola	0.880966552491	Intertype	#cccccc
149	Echinicola	Gallibacterium	0.880966552491	Intertype	#cccccc
150	Gordonibacter	Adlercreutzia	0.847038183443	Stool	#b2f396
151	Adlercreutzia	Gordonibacter	0.847038183443	Stool	#b2f396
152	Gordonibacter	Anaerofustis	0.875793291187	Stool	#b2f396
153	Anaerofustis	Gordonibacter	0.875793291187	Stool	#b2f396
154	Gordonibacter	Desulfotomaculum	0.875793291187	Stool	#b2f396
155	Desulfotomaculum	Gordonibacter	0.875793291187	Stool	#b2f396
156	Gordonibacter	Desulfovibrio	0.871489536782	Stool	#b2f396
157	Desulfovibrio	Gordonibacter	0.871489536782	Stool	#b2f396
158	Gulbenkiania	Arcanobacterium	0.969911300836	Anterior_nares	#8000ff
159	Arcanobacterium	Gulbenkiania	0.969911300836	Anterior_nares	#8000ff
160	Gulbenkiania	Aureimonas	1.0	Anterior_nares	#8000ff
161	Aureimonas	Gulbenkiania	1.0	Anterior_nares	#8000ff
162	Gulbenkiania	Crocosphaera	1.0	Anterior_nares	#8000ff
163	Crocosphaera	Gulbenkiania	1.0	Anterior_nares	#8000ff
164	Gulbenkiania	Exiguobacterium	0.980459624497	Anterior_nares	#8000ff
165	Exiguobacterium	Gulbenkiania	0.980459624497	Anterior_nares	#8000ff
166	Hallella	Cellulomonas	0.951486712417	Stool	#b2f396
167	Cellulomonas	Hallella	0.951486712417	Stool	#b2f396
168	Hallella	Enterorhabdus	1.0	Stool	#b2f396
169	Enterorhabdus	Hallella	1.0	Stool	#b2f396
170	Hallella	Escherichia	0.99926311244	Stool	#b2f396
171	Escherichia	Hallella	0.99926311244	Stool	#b2f396
172	Helicobacter	Arcanobacterium	0.969911300836	Anterior_nares	#8000ff
173	Arcanobacterium	Helicobacter	0.969911300836	Anterior_nares	#8000ff
174	Helicobacter	Aureimonas	1.0	Anterior_nares	#8000ff
175	Aureimonas	Helicobacter	1.0	Anterior_nares	#8000ff
176	Helicobacter	Crocosphaera	1.0	Anterior_nares	#8000ff
177	Crocosphaera	Helicobacter	1.0	Anterior_nares	#8000ff
178	Helicobacter	Exiguobacterium	0.980459624497	Anterior_nares	#8000ff
179	Exiguobacterium	Helicobacter	0.980459624497	Anterior_nares	#8000ff
180	Helicobacter	Gulbenkiania	1.0	Anterior_nares	#8000ff
181	Gulbenkiania	Helicobacter	1.0	Anterior_nares	#8000ff
182	Herbaspirillum	Bosea	0.908943708578	Intertype	#cccccc
183	Bosea	Herbaspirillum	0.908943708578	Intertype	#cccccc
184	Herbaspirillum	Enhydrobacter	0.900961985328	Intertype	#cccccc
185	Enhydrobacter	Herbaspirillum	0.900961985328	Intertype	#cccccc
186	Herbaspirillum	Fenollaria	0.908943708578	Intertype	#cccccc
187	Fenollaria	Herbaspirillum	0.908943708578	Intertype	#cccccc
188	Holdemania	Acetivibrio	0.864159892895	Stool	#b2f396
189	Acetivibrio	Holdemania	0.864159892895	Stool	#b2f396
190	Holdemania	Anaerotruncus	0.8245459877069999	Stool	#b2f396
191	Anaerotruncus	Holdemania	0.8245459877069999	Stool	#b2f396
192	Holdemania	Faecalitalea	0.8621148325579999	Stool	#b2f396
193	Faecalitalea	Holdemania	0.8621148325579999	Stool	#b2f396
194	Hungatella	Anaerofustis	0.977056383741	Stool	#b2f396
195	Anaerofustis	Hungatella	0.977056383741	Stool	#b2f396
196	Hungatella	Desulfotomaculum	0.977056383741	Stool	#b2f396
197	Desulfotomaculum	Hungatella	0.977056383741	Stool	#b2f396
198	Hungatella	Desulfovibrio	0.977353568202	Stool	#b2f396
199	Desulfovibrio	Hungatella	0.977353568202	Stool	#b2f396
200	Hungatella	Gordonibacter	0.937670327689	Stool	#b2f396
201	Gordonibacter	Hungatella	0.937670327689	Stool	#b2f396
202	Janibacter	Afipia	0.947169800914	Throat	#ff5029
203	Afipia	Janibacter	0.947169800914	Throat	#ff5029
204	Janibacter	Bradyrhizobium	1.0	Throat	#ff5029
205	Bradyrhizobium	Janibacter	1.0	Throat	#ff5029
206	Janibacter	Citrobacter	1.0	Throat	#ff5029
207	Citrobacter	Janibacter	1.0	Throat	#ff5029
208	Janibacter	Conchiformibius	0.8929465849670001	Throat	#ff5029
209	Conchiformibius	Janibacter	0.8929465849670001	Throat	#ff5029
210	Janibacter	Flavobacterium	1.0	Throat	#ff5029
211	Flavobacterium	Janibacter	1.0	Throat	#ff5029
212	Kandleria	Catenibacterium	0.999838965441	Stool	#b2f396
213	Catenibacterium	Kandleria	0.999838965441	Stool	#b2f396
214	Kocuria	Arcanobacterium	0.836454334612	Anterior_nares	#8000ff
215	Arcanobacterium	Kocuria	0.836454334612	Anterior_nares	#8000ff
216	Kocuria	Aureimonas	0.866149823784	Anterior_nares	#8000ff
217	Aureimonas	Kocuria	0.866149823784	Anterior_nares	#8000ff
218	Kocuria	Crocosphaera	0.866149823784	Anterior_nares	#8000ff
219	Crocosphaera	Kocuria	0.866149823784	Anterior_nares	#8000ff
220	Kocuria	Exiguobacterium	0.905018349443	Anterior_nares	#8000ff
221	Exiguobacterium	Kocuria	0.905018349443	Anterior_nares	#8000ff
222	Kocuria	Gulbenkiania	0.866149823784	Anterior_nares	#8000ff
223	Gulbenkiania	Kocuria	0.866149823784	Anterior_nares	#8000ff
224	Kocuria	Helicobacter	0.866149823784	Anterior_nares	#8000ff
225	Helicobacter	Kocuria	0.866149823784	Anterior_nares	#8000ff
226	Leucobacter	Arcanobacterium	0.964473519533	Anterior_nares	#8000ff
227	Arcanobacterium	Leucobacter	0.964473519533	Anterior_nares	#8000ff
228	Leucobacter	Aureimonas	0.9949996224	Anterior_nares	#8000ff
229	Aureimonas	Leucobacter	0.9949996224	Anterior_nares	#8000ff
230	Leucobacter	Crocosphaera	0.9949996224	Anterior_nares	#8000ff
231	Crocosphaera	Leucobacter	0.9949996224	Anterior_nares	#8000ff
232	Leucobacter	Exiguobacterium	0.975081952167	Anterior_nares	#8000ff
233	Exiguobacterium	Leucobacter	0.975081952167	Anterior_nares	#8000ff
234	Leucobacter	Gulbenkiania	0.9949996224	Anterior_nares	#8000ff
235	Gulbenkiania	Leucobacter	0.9949996224	Anterior_nares	#8000ff
236	Leucobacter	Helicobacter	0.9949996224	Anterior_nares	#8000ff
237	Helicobacter	Leucobacter	0.9949996224	Anterior_nares	#8000ff
238	Leucobacter	Kocuria	0.8596921773389999	Anterior_nares	#8000ff
239	Kocuria	Leucobacter	0.8596921773389999	Anterior_nares	#8000ff
240	Leuconostoc	Brochothrix	0.990369694775	Saliva	#7effb5
241	Brochothrix	Leuconostoc	0.990369694775	Saliva	#7effb5
242	Levyella	Catabacter	0.817961847263	Intertype	#cccccc
243	Catabacter	Levyella	0.817961847263	Intertype	#cccccc
244	Levyella	Faecalicoccus	0.817961847263	Intertype	#cccccc
245	Faecalicoccus	Levyella	0.817961847263	Intertype	#cccccc
246	Mangrovimonas	Actinobacillus	0.988872788788	Buccal_mucosa	#1996f3
247	Actinobacillus	Mangrovimonas	0.988872788788	Buccal_mucosa	#1996f3
248	Mangrovimonas	Avibacterium	0.809547547485	Buccal_mucosa	#1996f3
249	Avibacterium	Mangrovimonas	0.809547547485	Buccal_mucosa	#1996f3
250	Mangrovimonas	Basfia	1.0	Buccal_mucosa	#1996f3
251	Basfia	Mangrovimonas	1.0	Buccal_mucosa	#1996f3
252	Mangrovimonas	Bibersteinia	0.947079436721	Buccal_mucosa	#1996f3
253	Bibersteinia	Mangrovimonas	0.947079436721	Buccal_mucosa	#1996f3
254	Mangrovimonas	Dehalobacter	1.0	Buccal_mucosa	#1996f3
255	Dehalobacter	Mangrovimonas	1.0	Buccal_mucosa	#1996f3
256	Mangrovimonas	Echinicola	1.0	Buccal_mucosa	#1996f3
257	Echinicola	Mangrovimonas	1.0	Buccal_mucosa	#1996f3
258	Mangrovimonas	Gallibacterium	0.880966552491	Intertype	#cccccc
259	Gallibacterium	Mangrovimonas	0.880966552491	Intertype	#cccccc
260	Mannheimia	Actinobacillus	0.8954117408769999	Buccal_mucosa	#1996f3
261	Actinobacillus	Mannheimia	0.8954117408769999	Buccal_mucosa	#1996f3
262	Mannheimia	Basfia	0.835211648257	Buccal_mucosa	#1996f3
263	Basfia	Mannheimia	0.835211648257	Buccal_mucosa	#1996f3
264	Mannheimia	Dehalobacter	0.835211648257	Buccal_mucosa	#1996f3
265	Dehalobacter	Mannheimia	0.835211648257	Buccal_mucosa	#1996f3
266	Mannheimia	Echinicola	0.835211648257	Buccal_mucosa	#1996f3
267	Echinicola	Mannheimia	0.835211648257	Buccal_mucosa	#1996f3
268	Mannheimia	Gallibacterium	0.836811080809	Intertype	#cccccc
269	Gallibacterium	Mannheimia	0.836811080809	Intertype	#cccccc
270	Mannheimia	Mangrovimonas	0.835211648257	Buccal_mucosa	#1996f3
271	Mangrovimonas	Mannheimia	0.835211648257	Buccal_mucosa	#1996f3
272	Marvinbryantia	Acetivibrio	0.83476460137	Stool	#b2f396
273	Acetivibrio	Marvinbryantia	0.83476460137	Stool	#b2f396
274	Marvinbryantia	Anaerotruncus	0.836224675959	Stool	#b2f396
275	Anaerotruncus	Marvinbryantia	0.836224675959	Stool	#b2f396
276	Marvinbryantia	Faecalitalea	0.834576187616	Stool	#b2f396
277	Faecalitalea	Marvinbryantia	0.834576187616	Stool	#b2f396
278	Methylobacterium	Arcanobacterium	0.950147119473	Anterior_nares	#8000ff
279	Arcanobacterium	Methylobacterium	0.950147119473	Anterior_nares	#8000ff
280	Methylobacterium	Aureimonas	0.980459624497	Anterior_nares	#8000ff
281	Aureimonas	Methylobacterium	0.980459624497	Anterior_nares	#8000ff
282	Methylobacterium	Crocosphaera	0.980459624497	Anterior_nares	#8000ff
283	Crocosphaera	Methylobacterium	0.980459624497	Anterior_nares	#8000ff
284	Methylobacterium	Exiguobacterium	1.0	Anterior_nares	#8000ff
285	Exiguobacterium	Methylobacterium	1.0	Anterior_nares	#8000ff
286	Methylobacterium	Gulbenkiania	0.980459624497	Anterior_nares	#8000ff
287	Gulbenkiania	Methylobacterium	0.980459624497	Anterior_nares	#8000ff
288	Methylobacterium	Helicobacter	0.980459624497	Anterior_nares	#8000ff
289	Helicobacter	Methylobacterium	0.980459624497	Anterior_nares	#8000ff
290	Methylobacterium	Kocuria	0.905018349443	Anterior_nares	#8000ff
291	Kocuria	Methylobacterium	0.905018349443	Anterior_nares	#8000ff
292	Methylobacterium	Leucobacter	0.975081952167	Anterior_nares	#8000ff
293	Leucobacter	Methylobacterium	0.975081952167	Anterior_nares	#8000ff
294	Microbacterium	Arcanobacterium	0.969911300836	Anterior_nares	#8000ff
295	Arcanobacterium	Microbacterium	0.969911300836	Anterior_nares	#8000ff
296	Microbacterium	Aureimonas	1.0	Anterior_nares	#8000ff
297	Aureimonas	Microbacterium	1.0	Anterior_nares	#8000ff
298	Microbacterium	Crocosphaera	1.0	Anterior_nares	#8000ff
299	Crocosphaera	Microbacterium	1.0	Anterior_nares	#8000ff
300	Microbacterium	Exiguobacterium	0.980459624497	Anterior_nares	#8000ff
301	Exiguobacterium	Microbacterium	0.980459624497	Anterior_nares	#8000ff
302	Microbacterium	Gulbenkiania	1.0	Anterior_nares	#8000ff
303	Gulbenkiania	Microbacterium	1.0	Anterior_nares	#8000ff
304	Microbacterium	Helicobacter	1.0	Anterior_nares	#8000ff
305	Helicobacter	Microbacterium	1.0	Anterior_nares	#8000ff
306	Microbacterium	Kocuria	0.866149823784	Anterior_nares	#8000ff
307	Kocuria	Microbacterium	0.866149823784	Anterior_nares	#8000ff
308	Microbacterium	Leucobacter	0.9949996224	Anterior_nares	#8000ff
309	Leucobacter	Microbacterium	0.9949996224	Anterior_nares	#8000ff
310	Microbacterium	Methylobacterium	0.980459624497	Anterior_nares	#8000ff
311	Methylobacterium	Microbacterium	0.980459624497	Anterior_nares	#8000ff
312	Micrococcus	Arcanobacterium	0.8019523189200001	Anterior_nares	#8000ff
313	Arcanobacterium	Micrococcus	0.8019523189200001	Anterior_nares	#8000ff
314	Micrococcus	Aureimonas	0.829208541656	Anterior_nares	#8000ff
315	Aureimonas	Micrococcus	0.829208541656	Anterior_nares	#8000ff
316	Micrococcus	Crocosphaera	0.829208541656	Anterior_nares	#8000ff
317	Crocosphaera	Micrococcus	0.829208541656	Anterior_nares	#8000ff
318	Micrococcus	Exiguobacterium	0.922960280166	Anterior_nares	#8000ff
319	Exiguobacterium	Micrococcus	0.922960280166	Anterior_nares	#8000ff
320	Micrococcus	Gulbenkiania	0.829208541656	Anterior_nares	#8000ff
321	Gulbenkiania	Micrococcus	0.829208541656	Anterior_nares	#8000ff
322	Micrococcus	Helicobacter	0.829208541656	Anterior_nares	#8000ff
323	Helicobacter	Micrococcus	0.829208541656	Anterior_nares	#8000ff
324	Micrococcus	Kocuria	0.8767439944069999	Anterior_nares	#8000ff
325	Kocuria	Micrococcus	0.8767439944069999	Anterior_nares	#8000ff
326	Micrococcus	Leucobacter	0.8237125627840001	Anterior_nares	#8000ff
327	Leucobacter	Micrococcus	0.8237125627840001	Anterior_nares	#8000ff
328	Micrococcus	Methylobacterium	0.922960280166	Anterior_nares	#8000ff
329	Methylobacterium	Micrococcus	0.922960280166	Anterior_nares	#8000ff
330	Micrococcus	Microbacterium	0.829208541656	Anterior_nares	#8000ff
331	Microbacterium	Micrococcus	0.829208541656	Anterior_nares	#8000ff
332	Microvirga	Acinetobacter	0.996168686298	Anterior_nares	#8000ff
333	Acinetobacter	Microvirga	0.996168686298	Anterior_nares	#8000ff
334	Microvirga	Aliterella	1.0	Anterior_nares	#8000ff
335	Aliterella	Microvirga	1.0	Anterior_nares	#8000ff
336	Microvirga	Arthrobacter	1.0	Anterior_nares	#8000ff
337	Arthrobacter	Microvirga	1.0	Anterior_nares	#8000ff
338	Microvirga	Azohydromonas	1.0	Anterior_nares	#8000ff
339	Azohydromonas	Microvirga	1.0	Anterior_nares	#8000ff
340	Microvirga	Delftia	1.0	Anterior_nares	#8000ff
341	Delftia	Microvirga	1.0	Anterior_nares	#8000ff
342	Mitsuokella	Brochothrix	0.99751267283	Saliva	#7effb5
343	Brochothrix	Mitsuokella	0.99751267283	Saliva	#7effb5
344	Mitsuokella	Leuconostoc	0.984865952368	Saliva	#7effb5
345	Leuconostoc	Mitsuokella	0.984865952368	Saliva	#7effb5
346	Mobiluncus	Mageeibacillus	0.984811076624	Posterior_fornix	#4df3ce
347	Mageeibacillus	Mobiluncus	0.984811076624	Posterior_fornix	#4df3ce
348	Modestobacter	Acinetobacter	0.996168686298	Anterior_nares	#8000ff
349	Acinetobacter	Modestobacter	0.996168686298	Anterior_nares	#8000ff
350	Modestobacter	Aliterella	1.0	Anterior_nares	#8000ff
351	Aliterella	Modestobacter	1.0	Anterior_nares	#8000ff
352	Modestobacter	Arthrobacter	1.0	Anterior_nares	#8000ff
353	Arthrobacter	Modestobacter	1.0	Anterior_nares	#8000ff
354	Modestobacter	Azohydromonas	1.0	Anterior_nares	#8000ff
355	Azohydromonas	Modestobacter	1.0	Anterior_nares	#8000ff
356	Modestobacter	Delftia	1.0	Anterior_nares	#8000ff
357	Delftia	Modestobacter	1.0	Anterior_nares	#8000ff
358	Modestobacter	Microvirga	1.0	Anterior_nares	#8000ff
359	Microvirga	Modestobacter	1.0	Anterior_nares	#8000ff
360	Mogibacterium	Eggerthia	0.8266876967910001	Intertype	#cccccc
361	Eggerthia	Mogibacterium	0.8266876967910001	Intertype	#cccccc
362	Necropsobacter	Actinobacillus	0.82678604747	Buccal_mucosa	#1996f3
363	Actinobacillus	Necropsobacter	0.82678604747	Buccal_mucosa	#1996f3
364	Necropsobacter	Avibacterium	1.0	Buccal_mucosa	#1996f3
365	Avibacterium	Necropsobacter	1.0	Buccal_mucosa	#1996f3
366	Necropsobacter	Basfia	0.809547547485	Buccal_mucosa	#1996f3
367	Basfia	Necropsobacter	0.809547547485	Buccal_mucosa	#1996f3
368	Necropsobacter	Dehalobacter	0.809547547485	Buccal_mucosa	#1996f3
369	Dehalobacter	Necropsobacter	0.809547547485	Buccal_mucosa	#1996f3
370	Necropsobacter	Echinicola	0.809547547485	Buccal_mucosa	#1996f3
371	Echinicola	Necropsobacter	0.809547547485	Buccal_mucosa	#1996f3
372	Necropsobacter	Gallibacterium	0.858527207209	Intertype	#cccccc
373	Gallibacterium	Necropsobacter	0.858527207209	Intertype	#cccccc
374	Necropsobacter	Mangrovimonas	0.809547547485	Buccal_mucosa	#1996f3
375	Mangrovimonas	Necropsobacter	0.809547547485	Buccal_mucosa	#1996f3
376	Nocardia	Bosea	0.904124250573	Intertype	#cccccc
377	Bosea	Nocardia	0.904124250573	Intertype	#cccccc
378	Nocardia	Enhydrobacter	0.8958319051770001	Intertype	#cccccc
379	Enhydrobacter	Nocardia	0.8958319051770001	Intertype	#cccccc
380	Nocardia	Fenollaria	0.904124250573	Intertype	#cccccc
381	Fenollaria	Nocardia	0.904124250573	Intertype	#cccccc
382	Nocardia	Herbaspirillum	0.946264750847	Mid_vagina	#18cde4
383	Herbaspirillum	Nocardia	0.946264750847	Mid_vagina	#18cde4
384	Nosocomiicoccus	Aerococcus	0.999888764849	Posterior_fornix	#4df3ce
385	Aerococcus	Nosocomiicoccus	0.999888764849	Posterior_fornix	#4df3ce
386	Nosocomiicoccus	Brevibacterium	1.0	Posterior_fornix	#4df3ce
387	Brevibacterium	Nosocomiicoccus	1.0	Posterior_fornix	#4df3ce
388	Nosocomiicoccus	Burkholderia	1.0	Posterior_fornix	#4df3ce
389	Burkholderia	Nosocomiicoccus	1.0	Posterior_fornix	#4df3ce
390	Nosocomiicoccus	Facklamia	0.904124250573	Posterior_fornix	#4df3ce
391	Facklamia	Nosocomiicoccus	0.904124250573	Posterior_fornix	#4df3ce
392	Novosphingobium	Afipia	0.947169800914	Throat	#ff5029
393	Afipia	Novosphingobium	0.947169800914	Throat	#ff5029
394	Novosphingobium	Bradyrhizobium	1.0	Throat	#ff5029
395	Bradyrhizobium	Novosphingobium	1.0	Throat	#ff5029
396	Novosphingobium	Citrobacter	1.0	Throat	#ff5029
397	Citrobacter	Novosphingobium	1.0	Throat	#ff5029
398	Novosphingobium	Conchiformibius	0.8929465849670001	Throat	#ff5029
399	Conchiformibius	Novosphingobium	0.8929465849670001	Throat	#ff5029
400	Novosphingobium	Flavobacterium	1.0	Throat	#ff5029
401	Flavobacterium	Novosphingobium	1.0	Throat	#ff5029
402	Novosphingobium	Janibacter	1.0	Throat	#ff5029
403	Janibacter	Novosphingobium	1.0	Throat	#ff5029
404	Paracoccus	Klebsiella	0.8592212726809999	Anterior_nares	#8000ff
405	Klebsiella	Paracoccus	0.8592212726809999	Anterior_nares	#8000ff
406	Paraprevotella	Enterorhabdus	0.998053877232	Stool	#b2f396
407	Enterorhabdus	Paraprevotella	0.998053877232	Stool	#b2f396
408	Paraprevotella	Hallella	0.998053877232	Stool	#b2f396
409	Hallella	Paraprevotella	0.998053877232	Stool	#b2f396
410	Parasutterella	Megamonas	0.8584094257070001	Stool	#b2f396
411	Megamonas	Parasutterella	0.8584094257070001	Stool	#b2f396
412	Parvimonas	Eggerthia	0.969127646247	Intertype	#cccccc
413	Eggerthia	Parvimonas	0.969127646247	Intertype	#cccccc
414	Pasteurella	Gallibacterium	0.809511635889	Intertype	#cccccc
415	Gallibacterium	Pasteurella	0.809511635889	Intertype	#cccccc
416	Pasteurella	Mannheimia	0.94204025686	Buccal_mucosa	#1996f3
417	Mannheimia	Pasteurella	0.94204025686	Buccal_mucosa	#1996f3
418	Pectobacterium	Brochothrix	0.99751267283	Saliva	#7effb5
419	Brochothrix	Pectobacterium	0.99751267283	Saliva	#7effb5
420	Pectobacterium	Leuconostoc	0.984865952368	Saliva	#7effb5
421	Leuconostoc	Pectobacterium	0.984865952368	Saliva	#7effb5
422	Pectobacterium	Mitsuokella	1.0	Saliva	#7effb5
423	Mitsuokella	Pectobacterium	1.0	Saliva	#7effb5
424	Pedobacter	Lelliottia	0.998049067384	Anterior_nares	#8000ff
425	Lelliottia	Pedobacter	0.998049067384	Anterior_nares	#8000ff
426	Phascolarctobacterium	Megamonas	0.817961847263	Stool	#b2f396
427	Megamonas	Phascolarctobacterium	0.817961847263	Stool	#b2f396
428	Photobacterium	Acinetobacter	0.996168686298	Anterior_nares	#8000ff
429	Acinetobacter	Photobacterium	0.996168686298	Anterior_nares	#8000ff
430	Photobacterium	Aliterella	1.0	Anterior_nares	#8000ff
431	Aliterella	Photobacterium	1.0	Anterior_nares	#8000ff
432	Photobacterium	Arthrobacter	1.0	Anterior_nares	#8000ff
433	Arthrobacter	Photobacterium	1.0	Anterior_nares	#8000ff
434	Photobacterium	Azohydromonas	1.0	Anterior_nares	#8000ff
435	Azohydromonas	Photobacterium	1.0	Anterior_nares	#8000ff
436	Photobacterium	Delftia	1.0	Anterior_nares	#8000ff
437	Delftia	Photobacterium	1.0	Anterior_nares	#8000ff
438	Photobacterium	Microvirga	1.0	Anterior_nares	#8000ff
439	Microvirga	Photobacterium	1.0	Anterior_nares	#8000ff
440	Photobacterium	Modestobacter	1.0	Anterior_nares	#8000ff
441	Modestobacter	Photobacterium	1.0	Anterior_nares	#8000ff
442	Proteiniphilum	Bibersteinia	0.8929465849670001	Buccal_mucosa	#1996f3
443	Bibersteinia	Proteiniphilum	0.8929465849670001	Buccal_mucosa	#1996f3
444	Pseudoflavonifractor	Coprobacillus	0.8517852972409999	Stool	#b2f396
445	Coprobacillus	Pseudoflavonifractor	0.8517852972409999	Stool	#b2f396
446	Pseudoflavonifractor	Gordonibacter	0.872291969295	Stool	#b2f396
447	Gordonibacter	Pseudoflavonifractor	0.872291969295	Stool	#b2f396
448	Pseudoflavonifractor	Hungatella	0.8178375790629999	Stool	#b2f396
449	Hungatella	Pseudoflavonifractor	0.8178375790629999	Stool	#b2f396
450	Pseudomonas	Bosea	0.843210515489	Intertype	#cccccc
451	Bosea	Pseudomonas	0.843210515489	Intertype	#cccccc
452	Pseudomonas	Fenollaria	0.843210515489	Intertype	#cccccc
453	Fenollaria	Pseudomonas	0.843210515489	Intertype	#cccccc
454	Psychrobacter	Leuconostoc	0.962029667238	Saliva	#7effb5
455	Leuconostoc	Psychrobacter	0.962029667238	Saliva	#7effb5
456	Psychrobacter	Mitsuokella	0.96570546037	Saliva	#7effb5
457	Mitsuokella	Psychrobacter	0.96570546037	Saliva	#7effb5
458	Psychrobacter	Pectobacterium	0.96570546037	Saliva	#7effb5
459	Pectobacterium	Psychrobacter	0.96570546037	Saliva	#7effb5
460	Rheinheimera	Acinetobacter	0.996168686298	Anterior_nares	#8000ff
461	Acinetobacter	Rheinheimera	0.996168686298	Anterior_nares	#8000ff
462	Rheinheimera	Aliterella	1.0	Anterior_nares	#8000ff
463	Aliterella	Rheinheimera	1.0	Anterior_nares	#8000ff
464	Rheinheimera	Arthrobacter	1.0	Anterior_nares	#8000ff
465	Arthrobacter	Rheinheimera	1.0	Anterior_nares	#8000ff
466	Rheinheimera	Azohydromonas	1.0	Anterior_nares	#8000ff
467	Azohydromonas	Rheinheimera	1.0	Anterior_nares	#8000ff
468	Rheinheimera	Delftia	1.0	Anterior_nares	#8000ff
469	Delftia	Rheinheimera	1.0	Anterior_nares	#8000ff
470	Rheinheimera	Microvirga	1.0	Anterior_nares	#8000ff
471	Microvirga	Rheinheimera	1.0	Anterior_nares	#8000ff
472	Rheinheimera	Modestobacter	1.0	Anterior_nares	#8000ff
473	Modestobacter	Rheinheimera	1.0	Anterior_nares	#8000ff
474	Rheinheimera	Photobacterium	1.0	Anterior_nares	#8000ff
475	Photobacterium	Rheinheimera	1.0	Anterior_nares	#8000ff
476	Rhodopseudomonas	Bosea	1.0	Posterior_fornix	#4df3ce
477	Bosea	Rhodopseudomonas	1.0	Posterior_fornix	#4df3ce
478	Rhodopseudomonas	Enhydrobacter	0.992248103726	Posterior_fornix	#4df3ce
479	Enhydrobacter	Rhodopseudomonas	0.992248103726	Posterior_fornix	#4df3ce
480	Rhodopseudomonas	Fenollaria	1.0	Posterior_fornix	#4df3ce
481	Fenollaria	Rhodopseudomonas	1.0	Posterior_fornix	#4df3ce
482	Rhodopseudomonas	Herbaspirillum	0.908943708578	Intertype	#cccccc
483	Herbaspirillum	Rhodopseudomonas	0.908943708578	Intertype	#cccccc
484	Rhodopseudomonas	Nocardia	0.904124250573	Intertype	#cccccc
485	Nocardia	Rhodopseudomonas	0.904124250573	Intertype	#cccccc
486	Rhodopseudomonas	Pseudomonas	0.843210515489	Intertype	#cccccc
487	Pseudomonas	Rhodopseudomonas	0.843210515489	Intertype	#cccccc
488	Rikenella	Acholeplasma	0.947139514814	Stool	#b2f396
489	Acholeplasma	Rikenella	0.947139514814	Stool	#b2f396
490	Risungbinella	Arcanobacterium	0.969911300836	Anterior_nares	#8000ff
491	Arcanobacterium	Risungbinella	0.969911300836	Anterior_nares	#8000ff
492	Risungbinella	Aureimonas	1.0	Anterior_nares	#8000ff
493	Aureimonas	Risungbinella	1.0	Anterior_nares	#8000ff
494	Risungbinella	Crocosphaera	1.0	Anterior_nares	#8000ff
495	Crocosphaera	Risungbinella	1.0	Anterior_nares	#8000ff
496	Risungbinella	Exiguobacterium	0.980459624497	Anterior_nares	#8000ff
497	Exiguobacterium	Risungbinella	0.980459624497	Anterior_nares	#8000ff
498	Risungbinella	Gulbenkiania	1.0	Anterior_nares	#8000ff
499	Gulbenkiania	Risungbinella	1.0	Anterior_nares	#8000ff
500	Risungbinella	Helicobacter	1.0	Anterior_nares	#8000ff
501	Helicobacter	Risungbinella	1.0	Anterior_nares	#8000ff
502	Risungbinella	Kocuria	0.866149823784	Anterior_nares	#8000ff
503	Kocuria	Risungbinella	0.866149823784	Anterior_nares	#8000ff
504	Risungbinella	Leucobacter	0.9949996224	Anterior_nares	#8000ff
505	Leucobacter	Risungbinella	0.9949996224	Anterior_nares	#8000ff
506	Risungbinella	Methylobacterium	0.980459624497	Anterior_nares	#8000ff
507	Methylobacterium	Risungbinella	0.980459624497	Anterior_nares	#8000ff
508	Risungbinella	Microbacterium	1.0	Anterior_nares	#8000ff
509	Microbacterium	Risungbinella	1.0	Anterior_nares	#8000ff
510	Risungbinella	Micrococcus	0.829208541656	Anterior_nares	#8000ff
511	Micrococcus	Risungbinella	0.829208541656	Anterior_nares	#8000ff
512	Sanguibacteroides	Megamonas	0.948165574861	Stool	#b2f396
513	Megamonas	Sanguibacteroides	0.948165574861	Stool	#b2f396
514	Sanguibacteroides	Phascolarctobacterium	0.836555133417	Stool	#b2f396
515	Phascolarctobacterium	Sanguibacteroides	0.836555133417	Stool	#b2f396
516	Senegalimassilia	Acholeplasma	0.809547547485	Stool	#b2f396
517	Acholeplasma	Senegalimassilia	0.809547547485	Stool	#b2f396
518	Senegalimassilia	Acidaminococcus	1.0	Stool	#b2f396
519	Acidaminococcus	Senegalimassilia	1.0	Stool	#b2f396
520	Serratia	Brochothrix	0.998695914404	Saliva	#7effb5
521	Brochothrix	Serratia	0.998695914404	Saliva	#7effb5
522	Serratia	Leuconostoc	0.992263156736	Saliva	#7effb5
523	Leuconostoc	Serratia	0.992263156736	Saliva	#7effb5
524	Serratia	Mitsuokella	0.993862917052	Saliva	#7effb5
525	Mitsuokella	Serratia	0.993862917052	Saliva	#7effb5
526	Serratia	Pectobacterium	0.993862917052	Saliva	#7effb5
527	Pectobacterium	Serratia	0.993862917052	Saliva	#7effb5
528	Serratia	Psychrobacter	0.970501052142	Saliva	#7effb5
529	Psychrobacter	Serratia	0.970501052142	Saliva	#7effb5
530	Shuttleworthia	Aureimonas	0.814277360024	Intertype	#cccccc
531	Aureimonas	Shuttleworthia	0.814277360024	Intertype	#cccccc
532	Shuttleworthia	Crocosphaera	0.814277360024	Intertype	#cccccc
533	Crocosphaera	Shuttleworthia	0.814277360024	Intertype	#cccccc
534	Shuttleworthia	Gulbenkiania	0.814277360024	Intertype	#cccccc
535	Gulbenkiania	Shuttleworthia	0.814277360024	Intertype	#cccccc
536	Shuttleworthia	Helicobacter	0.814277360024	Intertype	#cccccc
537	Helicobacter	Shuttleworthia	0.814277360024	Intertype	#cccccc
538	Shuttleworthia	Leucobacter	0.808206452711	Intertype	#cccccc
539	Leucobacter	Shuttleworthia	0.808206452711	Intertype	#cccccc
540	Shuttleworthia	Microbacterium	0.814277360024	Intertype	#cccccc
541	Microbacterium	Shuttleworthia	0.814277360024	Intertype	#cccccc
542	Shuttleworthia	Risungbinella	0.814277360024	Intertype	#cccccc
543	Risungbinella	Shuttleworthia	0.814277360024	Intertype	#cccccc
544	Simonsiella	Alysiella	0.998642018315	Attached	#4e4dfc
545	Alysiella	Simonsiella	0.998642018315	Attached	#4e4dfc
546	Sinorhizobium	Cellulomonas	0.97902067588	Stool	#b2f396
547	Cellulomonas	Sinorhizobium	0.97902067588	Stool	#b2f396
548	Sinorhizobium	Enterorhabdus	0.988884786208	Stool	#b2f396
549	Enterorhabdus	Sinorhizobium	0.988884786208	Stool	#b2f396
550	Sinorhizobium	Hallella	0.988884786208	Stool	#b2f396
551	Hallella	Sinorhizobium	0.988884786208	Stool	#b2f396
552	Sneathia	Mageeibacillus	0.986101892652	Posterior_fornix	#4df3ce
553	Mageeibacillus	Sneathia	0.986101892652	Posterior_fornix	#4df3ce
554	Sneathia	Mobiluncus	0.998440061291	Posterior_fornix	#4df3ce
555	Mobiluncus	Sneathia	0.998440061291	Posterior_fornix	#4df3ce
556	Sphingobacterium	Klebsiella	0.997279191113	Anterior_nares	#8000ff
557	Klebsiella	Sphingobacterium	0.997279191113	Anterior_nares	#8000ff
558	Sphingobacterium	Paracoccus	0.855510252797	Anterior_nares	#8000ff
559	Paracoccus	Sphingobacterium	0.855510252797	Anterior_nares	#8000ff
560	Sphingobium	Aliterella	0.90991417059	Intertype	#cccccc
561	Aliterella	Sphingobium	0.90991417059	Intertype	#cccccc
562	Sphingobium	Arthrobacter	0.90991417059	Intertype	#cccccc
563	Arthrobacter	Sphingobium	0.90991417059	Intertype	#cccccc
564	Sphingobium	Azohydromonas	0.90991417059	Intertype	#cccccc
565	Azohydromonas	Sphingobium	0.90991417059	Intertype	#cccccc
566	Sphingobium	Delftia	0.90991417059	Intertype	#cccccc
567	Delftia	Sphingobium	0.90991417059	Intertype	#cccccc
568	Sphingobium	Microvirga	0.90991417059	Intertype	#cccccc
569	Microvirga	Sphingobium	0.90991417059	Intertype	#cccccc
570	Sphingobium	Modestobacter	0.90991417059	Intertype	#cccccc
571	Modestobacter	Sphingobium	0.90991417059	Intertype	#cccccc
572	Sphingobium	Photobacterium	0.90991417059	Intertype	#cccccc
573	Photobacterium	Sphingobium	0.90991417059	Intertype	#cccccc
574	Sphingobium	Rheinheimera	0.90991417059	Intertype	#cccccc
575	Rheinheimera	Sphingobium	0.90991417059	Intertype	#cccccc
576	Sphingomonas	Aliterella	0.930744179393	Anterior_nares	#8000ff
577	Aliterella	Sphingomonas	0.930744179393	Anterior_nares	#8000ff
578	Sphingomonas	Arthrobacter	0.930744179393	Anterior_nares	#8000ff
579	Arthrobacter	Sphingomonas	0.930744179393	Anterior_nares	#8000ff
580	Sphingomonas	Azohydromonas	0.930744179393	Anterior_nares	#8000ff
581	Azohydromonas	Sphingomonas	0.930744179393	Anterior_nares	#8000ff
582	Sphingomonas	Delftia	0.930744179393	Anterior_nares	#8000ff
583	Delftia	Sphingomonas	0.930744179393	Anterior_nares	#8000ff
584	Sphingomonas	Microvirga	0.930744179393	Anterior_nares	#8000ff
585	Microvirga	Sphingomonas	0.930744179393	Anterior_nares	#8000ff
586	Sphingomonas	Modestobacter	0.930744179393	Anterior_nares	#8000ff
587	Modestobacter	Sphingomonas	0.930744179393	Anterior_nares	#8000ff
588	Sphingomonas	Photobacterium	0.930744179393	Anterior_nares	#8000ff
589	Photobacterium	Sphingomonas	0.930744179393	Anterior_nares	#8000ff
590	Sphingomonas	Rheinheimera	0.930744179393	Anterior_nares	#8000ff
591	Rheinheimera	Sphingomonas	0.930744179393	Anterior_nares	#8000ff
592	Sphingomonas	Sphingobium	0.900343512136	Intertype	#cccccc
593	Sphingobium	Sphingomonas	0.900343512136	Intertype	#cccccc
594	Sphingopyxis	Bosea	0.848136899963	Intertype	#cccccc
595	Bosea	Sphingopyxis	0.848136899963	Intertype	#cccccc
596	Sphingopyxis	Enhydrobacter	0.855315513566	Intertype	#cccccc
597	Enhydrobacter	Sphingopyxis	0.855315513566	Intertype	#cccccc
598	Sphingopyxis	Fenollaria	0.848136899963	Intertype	#cccccc
599	Fenollaria	Sphingopyxis	0.848136899963	Intertype	#cccccc
600	Sphingopyxis	Herbaspirillum	0.973125726943	Mid_vagina	#18cde4
601	Herbaspirillum	Sphingopyxis	0.973125726943	Mid_vagina	#18cde4
602	Sphingopyxis	Nocardia	0.948799559392	Mid_vagina	#18cde4
603	Nocardia	Sphingopyxis	0.948799559392	Mid_vagina	#18cde4
604	Sphingopyxis	Rhodopseudomonas	0.848136899963	Intertype	#cccccc
605	Rhodopseudomonas	Sphingopyxis	0.848136899963	Intertype	#cccccc
606	Stenotrophomonas	Aliterella	0.807596622186	Anterior_nares	#8000ff
607	Aliterella	Stenotrophomonas	0.807596622186	Anterior_nares	#8000ff
608	Stenotrophomonas	Arthrobacter	0.807596622186	Anterior_nares	#8000ff
609	Arthrobacter	Stenotrophomonas	0.807596622186	Anterior_nares	#8000ff
610	Stenotrophomonas	Azohydromonas	0.807596622186	Anterior_nares	#8000ff
611	Azohydromonas	Stenotrophomonas	0.807596622186	Anterior_nares	#8000ff
612	Stenotrophomonas	Delftia	0.807596622186	Anterior_nares	#8000ff
613	Delftia	Stenotrophomonas	0.807596622186	Anterior_nares	#8000ff
614	Stenotrophomonas	Microvirga	0.807596622186	Anterior_nares	#8000ff
615	Microvirga	Stenotrophomonas	0.807596622186	Anterior_nares	#8000ff
616	Stenotrophomonas	Modestobacter	0.807596622186	Anterior_nares	#8000ff
617	Modestobacter	Stenotrophomonas	0.807596622186	Anterior_nares	#8000ff
618	Stenotrophomonas	Photobacterium	0.807596622186	Anterior_nares	#8000ff
619	Photobacterium	Stenotrophomonas	0.807596622186	Anterior_nares	#8000ff
620	Stenotrophomonas	Rheinheimera	0.807596622186	Anterior_nares	#8000ff
621	Rheinheimera	Stenotrophomonas	0.807596622186	Anterior_nares	#8000ff
622	Stenotrophomonas	Sphingomonas	0.868131773537	Anterior_nares	#8000ff
623	Sphingomonas	Stenotrophomonas	0.868131773537	Anterior_nares	#8000ff
624	Streptobacillus	Actinobacillus	0.988872788788	Buccal_mucosa	#1996f3
625	Actinobacillus	Streptobacillus	0.988872788788	Buccal_mucosa	#1996f3
626	Streptobacillus	Avibacterium	0.809547547485	Buccal_mucosa	#1996f3
627	Avibacterium	Streptobacillus	0.809547547485	Buccal_mucosa	#1996f3
628	Streptobacillus	Basfia	1.0	Buccal_mucosa	#1996f3
629	Basfia	Streptobacillus	1.0	Buccal_mucosa	#1996f3
630	Streptobacillus	Bibersteinia	0.947079436721	Buccal_mucosa	#1996f3
631	Bibersteinia	Streptobacillus	0.947079436721	Buccal_mucosa	#1996f3
632	Streptobacillus	Dehalobacter	1.0	Buccal_mucosa	#1996f3
633	Dehalobacter	Streptobacillus	1.0	Buccal_mucosa	#1996f3
634	Streptobacillus	Echinicola	1.0	Buccal_mucosa	#1996f3
635	Echinicola	Streptobacillus	1.0	Buccal_mucosa	#1996f3
636	Streptobacillus	Gallibacterium	0.880966552491	Intertype	#cccccc
637	Gallibacterium	Streptobacillus	0.880966552491	Intertype	#cccccc
638	Streptobacillus	Mangrovimonas	1.0	Buccal_mucosa	#1996f3
639	Mangrovimonas	Streptobacillus	1.0	Buccal_mucosa	#1996f3
640	Streptobacillus	Mannheimia	0.835211648257	Buccal_mucosa	#1996f3
641	Mannheimia	Streptobacillus	0.835211648257	Buccal_mucosa	#1996f3
642	Streptobacillus	Necropsobacter	0.809547547485	Buccal_mucosa	#1996f3
643	Necropsobacter	Streptobacillus	0.809547547485	Buccal_mucosa	#1996f3
644	Streptomyces	Arcanobacterium	0.969911300836	Anterior_nares	#8000ff
645	Arcanobacterium	Streptomyces	0.969911300836	Anterior_nares	#8000ff
646	Streptomyces	Aureimonas	1.0	Anterior_nares	#8000ff
647	Aureimonas	Streptomyces	1.0	Anterior_nares	#8000ff
648	Streptomyces	Crocosphaera	1.0	Anterior_nares	#8000ff
649	Crocosphaera	Streptomyces	1.0	Anterior_nares	#8000ff
650	Streptomyces	Exiguobacterium	0.980459624497	Anterior_nares	#8000ff
651	Exiguobacterium	Streptomyces	0.980459624497	Anterior_nares	#8000ff
652	Streptomyces	Gulbenkiania	1.0	Anterior_nares	#8000ff
653	Gulbenkiania	Streptomyces	1.0	Anterior_nares	#8000ff
654	Streptomyces	Helicobacter	1.0	Anterior_nares	#8000ff
655	Helicobacter	Streptomyces	1.0	Anterior_nares	#8000ff
656	Streptomyces	Kocuria	0.866149823784	Anterior_nares	#8000ff
657	Kocuria	Streptomyces	0.866149823784	Anterior_nares	#8000ff
658	Streptomyces	Leucobacter	0.9949996224	Anterior_nares	#8000ff
659	Leucobacter	Streptomyces	0.9949996224	Anterior_nares	#8000ff
660	Streptomyces	Methylobacterium	0.980459624497	Anterior_nares	#8000ff
661	Methylobacterium	Streptomyces	0.980459624497	Anterior_nares	#8000ff
662	Streptomyces	Microbacterium	1.0	Anterior_nares	#8000ff
663	Microbacterium	Streptomyces	1.0	Anterior_nares	#8000ff
664	Streptomyces	Micrococcus	0.829208541656	Anterior_nares	#8000ff
665	Micrococcus	Streptomyces	0.829208541656	Anterior_nares	#8000ff
666	Streptomyces	Risungbinella	1.0	Anterior_nares	#8000ff
667	Risungbinella	Streptomyces	1.0	Anterior_nares	#8000ff
668	Streptomyces	Shuttleworthia	0.814277360024	Intertype	#cccccc
669	Shuttleworthia	Streptomyces	0.814277360024	Intertype	#cccccc
670	Subdoligranulum	Faecalitalea	0.8044168364550001	Stool	#b2f396
671	Faecalitalea	Subdoligranulum	0.8044168364550001	Stool	#b2f396
672	Subdoligranulum	Marvinbryantia	0.911119348275	Stool	#b2f396
673	Marvinbryantia	Subdoligranulum	0.911119348275	Stool	#b2f396
674	Tepidiphilus	Acinetobacter	0.996168686298	Anterior_nares	#8000ff
675	Acinetobacter	Tepidiphilus	0.996168686298	Anterior_nares	#8000ff
676	Tepidiphilus	Aliterella	1.0	Anterior_nares	#8000ff
677	Aliterella	Tepidiphilus	1.0	Anterior_nares	#8000ff
678	Tepidiphilus	Arthrobacter	1.0	Anterior_nares	#8000ff
679	Arthrobacter	Tepidiphilus	1.0	Anterior_nares	#8000ff
680	Tepidiphilus	Azohydromonas	1.0	Anterior_nares	#8000ff
681	Azohydromonas	Tepidiphilus	1.0	Anterior_nares	#8000ff
682	Tepidiphilus	Delftia	1.0	Anterior_nares	#8000ff
683	Delftia	Tepidiphilus	1.0	Anterior_nares	#8000ff
684	Tepidiphilus	Microvirga	1.0	Anterior_nares	#8000ff
685	Microvirga	Tepidiphilus	1.0	Anterior_nares	#8000ff
686	Tepidiphilus	Modestobacter	1.0	Anterior_nares	#8000ff
687	Modestobacter	Tepidiphilus	1.0	Anterior_nares	#8000ff
688	Tepidiphilus	Photobacterium	1.0	Anterior_nares	#8000ff
689	Photobacterium	Tepidiphilus	1.0	Anterior_nares	#8000ff
690	Tepidiphilus	Rheinheimera	1.0	Anterior_nares	#8000ff
691	Rheinheimera	Tepidiphilus	1.0	Anterior_nares	#8000ff
692	Tepidiphilus	Sphingobium	0.90991417059	Intertype	#cccccc
693	Sphingobium	Tepidiphilus	0.90991417059	Intertype	#cccccc
694	Tepidiphilus	Sphingomonas	0.930744179393	Anterior_nares	#8000ff
695	Sphingomonas	Tepidiphilus	0.930744179393	Anterior_nares	#8000ff
696	Tepidiphilus	Stenotrophomonas	0.807596622186	Anterior_nares	#8000ff
697	Stenotrophomonas	Tepidiphilus	0.807596622186	Anterior_nares	#8000ff
698	Terrisporobacter	Anaerostipes	0.890629181525	Stool	#b2f396
699	Anaerostipes	Terrisporobacter	0.890629181525	Stool	#b2f396
700	Thauera	Scardovia	0.945669015983	Supragingival_plaque	#ff964f
701	Scardovia	Thauera	0.945669015983	Supragingival_plaque	#ff964f
702	Turicibacter	Anaerostipes	0.890629181525	Stool	#b2f396
703	Anaerostipes	Turicibacter	0.890629181525	Stool	#b2f396
704	Turicibacter	Terrisporobacter	1.0	Stool	#b2f396
705	Terrisporobacter	Turicibacter	1.0	Stool	#b2f396
706	Tyzzerella	Megamonas	0.989218693643	Stool	#b2f396
707	Megamonas	Tyzzerella	0.989218693643	Stool	#b2f396
708	Tyzzerella	Sanguibacteroides	0.937903350872	Stool	#b2f396
709	Sanguibacteroides	Tyzzerella	0.937903350872	Stool	#b2f396
710	Vibrio	Aliterella	0.999652992643	Anterior_nares	#8000ff
711	Aliterella	Vibrio	0.999652992643	Anterior_nares	#8000ff
712	Vibrio	Arthrobacter	0.999652992643	Anterior_nares	#8000ff
713	Arthrobacter	Vibrio	0.999652992643	Anterior_nares	#8000ff
714	Vibrio	Azohydromonas	0.999652992643	Anterior_nares	#8000ff
715	Azohydromonas	Vibrio	0.999652992643	Anterior_nares	#8000ff
716	Vibrio	Delftia	0.999652992643	Anterior_nares	#8000ff
717	Delftia	Vibrio	0.999652992643	Anterior_nares	#8000ff
718	Vibrio	Microvirga	0.999652992643	Anterior_nares	#8000ff
719	Microvirga	Vibrio	0.999652992643	Anterior_nares	#8000ff
720	Vibrio	Modestobacter	0.999652992643	Anterior_nares	#8000ff
721	Modestobacter	Vibrio	0.999652992643	Anterior_nares	#8000ff
722	Vibrio	Photobacterium	0.999652992643	Anterior_nares	#8000ff
723	Photobacterium	Vibrio	0.999652992643	Anterior_nares	#8000ff
724	Vibrio	Rheinheimera	0.999652992643	Anterior_nares	#8000ff
725	Rheinheimera	Vibrio	0.999652992643	Anterior_nares	#8000ff
726	Vibrio	Sphingomonas	0.929742131973	Anterior_nares	#8000ff
727	Sphingomonas	Vibrio	0.929742131973	Anterior_nares	#8000ff
728	Vibrio	Tepidiphilus	0.999652992643	Anterior_nares	#8000ff
729	Tepidiphilus	Vibrio	0.999652992643	Anterior_nares	#8000ff
730	Xanthomonas	Aliterella	0.999353067375	Anterior_nares	#8000ff
731	Aliterella	Xanthomonas	0.999353067375	Anterior_nares	#8000ff
732	Xanthomonas	Arthrobacter	0.999353067375	Anterior_nares	#8000ff
733	Arthrobacter	Xanthomonas	0.999353067375	Anterior_nares	#8000ff
734	Xanthomonas	Azohydromonas	0.999353067375	Anterior_nares	#8000ff
735	Azohydromonas	Xanthomonas	0.999353067375	Anterior_nares	#8000ff
736	Xanthomonas	Delftia	0.999353067375	Anterior_nares	#8000ff
737	Delftia	Xanthomonas	0.999353067375	Anterior_nares	#8000ff
738	Xanthomonas	Microvirga	0.999353067375	Anterior_nares	#8000ff
739	Microvirga	Xanthomonas	0.999353067375	Anterior_nares	#8000ff
740	Xanthomonas	Modestobacter	0.999353067375	Anterior_nares	#8000ff
741	Modestobacter	Xanthomonas	0.999353067375	Anterior_nares	#8000ff
742	Xanthomonas	Photobacterium	0.999353067375	Anterior_nares	#8000ff
743	Photobacterium	Xanthomonas	0.999353067375	Anterior_nares	#8000ff
744	Xanthomonas	Rheinheimera	0.999353067375	Anterior_nares	#8000ff
745	Rheinheimera	Xanthomonas	0.999353067375	Anterior_nares	#8000ff
746	Xanthomonas	Sphingobium	0.9088518568	Intertype	#cccccc
747	Sphingobium	Xanthomonas	0.9088518568	Intertype	#cccccc
748	Xanthomonas	Sphingomonas	0.937080711909	Anterior_nares	#8000ff
749	Sphingomonas	Xanthomonas	0.937080711909	Anterior_nares	#8000ff
750	Xanthomonas	Stenotrophomonas	0.825841795889	Anterior_nares	#8000ff
751	Stenotrophomonas	Xanthomonas	0.825841795889	Anterior_nares	#8000ff
752	Xanthomonas	Tepidiphilus	0.999353067375	Anterior_nares	#8000ff
753	Tepidiphilus	Xanthomonas	0.999353067375	Anterior_nares	#8000ff
754	Xanthomonas	Vibrio	0.998973321192	Anterior_nares	#8000ff
755	Vibrio	Xanthomonas	0.998973321192	Anterior_nares	#8000ff
756	Xenorhabdus	Brochothrix	0.99751267283	Saliva	#7effb5
757	Brochothrix	Xenorhabdus	0.99751267283	Saliva	#7effb5
758	Xenorhabdus	Leuconostoc	0.984865952368	Saliva	#7effb5
759	Leuconostoc	Xenorhabdus	0.984865952368	Saliva	#7effb5
760	Xenorhabdus	Mitsuokella	1.0	Saliva	#7effb5
761	Mitsuokella	Xenorhabdus	1.0	Saliva	#7effb5
762	Xenorhabdus	Pectobacterium	1.0	Saliva	#7effb5
763	Pectobacterium	Xenorhabdus	1.0	Saliva	#7effb5
764	Xenorhabdus	Psychrobacter	0.96570546037	Saliva	#7effb5
765	Psychrobacter	Xenorhabdus	0.96570546037	Saliva	#7effb5
766	Xenorhabdus	Serratia	0.993862917052	Saliva	#7effb5
767	Serratia	Xenorhabdus	0.993862917052	Saliva	#7effb5
768	Xylanimonas	Isoptericola	0.968388003535	Tongue_dorsum	#ff0000
769	Isoptericola	Xylanimonas	0.968388003535	Tongue_dorsum	#ff0000
